num	path
1	Architecture_of_Reasoning/AI_FallacyDetector.v
2	Architecture_of_Reasoning/Architecture_of_Reasoning.v
3	Architecture_of_Reasoning/CompleteFallacyTaxonomy.v
4	Architecture_of_Reasoning/DomainViolations_Complete.v
5	Architecture_of_Reasoning/ERR_Fallacies.v
6	Architecture_of_Reasoning/ParadoxDissolution.v
7	src/acoustics/AcousticsSynthesis.v
8	src/acoustics/DampingAndDissipation.v
9	src/acoustics/Harmony.v
10	src/acoustics/HierarchyTheorem.v
11	src/acoustics/Loudness.v
12	src/acoustics/Oscillation.v
13	src/acoustics/SoundSpectrum.v
14	src/acoustics/VibrationCore.v
15	src/acoustics/VibrationSynthesis.v
16	src/acoustics/WavePropagation.v
17	src/AIInterface.v
18	src/algebra/AlgebraicClosureProcess.v
19	src/algebra/FieldExtension.v
20	src/algebra/FiniteFieldFp.v
21	src/algebra/GaloisCorrespondence.v
22	src/algebra/GaloisDegreeQ23.v
23	src/algebra/GaloisGroup.v
24	src/algebra/GaloisQ23.v
25	src/algebra/IndependenceQ23.v
26	src/algebra/RationalRootTest.v
27	src/algebra/SolvableGroup.v
28	src/algebra/SplittingFieldQ23.v
29	src/analysis/BolzanoWeierstrass.v
30	src/analysis/CauchySchwarz.v
31	src/analysis/CompactOperator.v
32	src/analysis/Continuity.v
33	src/analysis/DominatedConvergence.v
34	src/analysis/FourierApplications.v
35	src/analysis/FourierBasis.v
36	src/analysis/FourierBranchSynthesis.v
37	src/analysis/FourierCayleyConnection.v
38	src/analysis/FourierCoefficients.v
39	src/analysis/FourierConvergence.v
40	src/analysis/FourierDispersion.v
41	src/analysis/FourierGeneralN.v
42	src/analysis/FourierLaplacian.v
43	src/analysis/FourierProcess.v
44	src/analysis/FourierSpectralDecomp.v
45	src/analysis/FourierSynthesis.v
46	src/analysis/FourierTransform.v
47	src/analysis/FourierVacuumEnergy.v
48	src/analysis/FTC.v
49	src/analysis/FubiniProcess.v
50	src/analysis/HarmonicDiverges.v
51	src/analysis/HeineBorelComplete.v
52	src/analysis/ImplicitFunction.v
53	src/analysis/L1Space.v
54	src/analysis/L2Space.v
55	src/analysis/LebesgueMeasure.v
56	src/analysis/LHopital.v
57	src/analysis/MeasureSynthesis.v
58	src/analysis/PeanoExistence.v
59	src/analysis/PicardLindelof.v
60	src/analysis/SpectralTheoremCompact.v
61	src/analysis/Sqrt2Irrational.v
62	src/analysis/Sqrt3Irrational.v
63	src/analysis/Sqrt5Irrational.v
64	src/analysis/StepIntegral.v
65	src/analysis/StoneWeierstrass.v
66	src/Archimedean_ERR.v
67	src/arrow/ArrowFromModes.v
68	src/casimir_branch/CasimirConvergence.v
69	src/casimir_branch/CasimirFromGraph.v
70	src/category/EquivalenceOfCategories.v
71	src/category/FunctorCategory.v
72	src/category/IdentityEquivalence.v
73	src/category/NaturalIsomorphism.v
74	src/category/RightAdjointPreservesLimits.v
75	src/category/SetoidCategory.v
76	src/category/SetoidClassifier.v
77	src/category/SetoidCoproducts.v
78	src/category/SetoidEqualizers.v
79	src/category/SetoidExponential.v
80	src/category/SetoidProducts.v
81	src/category/YonedaEmbedding.v
82	src/category/YonedaLemma.v
83	src/CauchyProcessBridge.v
84	src/CauchyReal.v
85	src/CoinductiveSystems.v
86	src/Completeness.v
87	src/ConstitutionChecking.v
88	src/Conversion.v
89	src/CoordinateIntegers.v
90	src/cosmological/LambdaFromGraph.v
91	src/cosmology_ext/BigBangProcess.v
92	src/cosmology_ext/DarkEnergy.v
93	src/cosmology_ext/ExpandingGraph.v
94	src/Countability_Q.v
95	src/crown/BornIsParseval.v
96	src/crown/CompressionIsPhysics.v
97	src/cs/BoundaryDecidability.v
98	src/cs/ChomskyHierarchy.v
99	src/cs/ComputationModel.v
100	src/cs/CountableDependentChoiceFree.v
101	src/cs/CountableSelectionFree.v
102	src/cs/DecidableKonig.v
103	src/cs/DecidableSelection.v
104	src/cs/HaltingRoleLimit.v
105	src/cs/KolmogorovRoleLimit.v
106	src/cs/LambdaGrounding.v
107	src/cs/LambdaRecursion.v
108	src/cs/LawvereFixedPoint.v
109	src/cs/PumpingPigeonhole.v
110	src/cs/PumpingRoleLimit.v
111	src/cs/PvsNP_Framing.v
112	src/cs/RecursionTheorem.v
113	src/cs/RegularElementFloor.v
114	src/cs/RiceRoleLimit.v
115	src/cs/RussellViaLawvere.v
116	src/cs/ScaleFlowUndecidable.v
117	src/cs/SelectionWithoutChoiceSynthesis.v
118	src/cs/SemanticRecursion.v
119	src/cs/TarskiUndefinability.v
120	src/decoherence/DecoherenceFromModes.v
121	src/decoherence/DecoherenceSynthesis.v
122	src/Demo.v
123	src/DependentSystems.v
124	src/DiagonalArgument_ERR.v
125	src/Differentiation.v
126	src/DomainTypes.v
127	src/DomainValidation.v
128	src/entanglement/EntanglementFromModes.v
129	src/entanglement/EntanglementSynthesis.v
130	src/ErasureTheory.v
131	src/ERR_Categorical.v
132	src/error_correction/CodeFromGraph.v
133	src/error_correction/ModeProtection.v
134	src/Evaluator.v
135	src/EVT_ERR.v
136	src/EVT_idx.v
137	src/experimental/AbelRegularization.v
138	src/experimental/AtomicSynthesis.v
139	src/experimental/BernoulliNumbers.v
140	src/experimental/CasimirProcess.v
141	src/experimental/CoulombFull3D.v
142	src/experimental/CoulombTower.v
143	src/experimental/HeliumLattice.v
144	src/experimental/LambShiftTower.v
145	src/experimental/LithiumLattice.v
146	src/experimental/TwoParticleLattice.v
147	src/experimental/VacuumEnergy.v
148	src/experimental/ZetaNegative.v
149	src/Expressions.v
150	src/Extraction.v
151	src/extraction/GapCertificate.v
152	src/extraction/GapCompute.v
153	src/extraction/GapExtraction.v
154	src/fermions/DiracOnGraph.v
155	src/fermions/GaugeLoops.v
156	src/fermions/HiggsDiagnostic.v
157	src/fermions/TopLoop.v
158	src/fermions/YukawaCoupling.v
159	src/FixedPoint.v
160	src/FormationRules.v
161	src/foundation/AcousticChainThreeFormulas.v
162	src/foundation/AnharmonicSHO.v
163	src/foundation/AnomalyChargeQuantization.v
164	src/foundation/AnomalyExhaustive.v
165	src/foundation/AnomalySystematic.v
166	src/foundation/AntigravityCondition.v
167	src/foundation/AperyConstantERR.v
168	src/foundation/ApplicationsAudit.v
169	src/foundation/ArrowFromDistinction.v
170	src/foundation/ArrowGroundingDescent.v
171	src/foundation/AsymmetricDistinction.v
172	src/foundation/AsymptoticFreedomBound.v
173	src/foundation/BackgroundIndependence.v
174	src/foundation/BaryogenesisBoundary.v
175	src/foundation/BaryogenesisBoundaryConvergence.v
176	src/foundation/BaryogenesisTransport.v
177	src/foundation/BaryonFromFoundation.v
178	src/foundation/BianchiFromBoundary.v
179	src/foundation/Binarity.v
180	src/foundation/BinarityRelativitySynthesis.v
181	src/foundation/BitString.v
182	src/foundation/BlockCayleyUnistochastic.v
183	src/foundation/BMinusLNeutrino.v
184	src/foundation/BornRuleDescent.v
185	src/foundation/BornRuleFromProcess.v
186	src/foundation/CarbonStructure.v
187	src/foundation/CascadeBoundary.v
188	src/foundation/CasimirBernoulli.v
189	src/foundation/CausalCone.v
190	src/foundation/CausalOrderGeometry.v
191	src/foundation/CausalSignature.v
192	src/foundation/CausalStructureSynthesis.v
193	src/foundation/ChargeLatticeTheory.v
194	src/foundation/CharPolyEigenvalue3.v
195	src/foundation/ChiralAnomalyUniqueness.v
196	src/foundation/ChiralityFromL2.v
197	src/foundation/CombinatorialGrowth.v
198	src/foundation/ConnectionClosesGap.v
199	src/foundation/ContinuumLimitIsReal.v
200	src/foundation/ContinuumLimitProcess.v
201	src/foundation/ContinuumLimitRoleLimit.v
202	src/foundation/CountingSideSynthesis.v
203	src/foundation/CouplingElementForcing.v
204	src/foundation/CouplingFromERR.v
205	src/foundation/CPMagnitudeDescent.v
206	src/foundation/CreationSynthesis.v
207	src/foundation/CubicCouplingSpectrum.v
208	src/foundation/DecidableBoundary.v
209	src/foundation/DecidableBoundaryQ.v
210	src/foundation/DegreeTwoSpecial.v
211	src/foundation/DemarcationClosure.v
212	src/foundation/DepartureDescent.v
213	src/foundation/DepartureWallDescent.v
214	src/foundation/DepthFixpoint.v
215	src/foundation/DepthThreeNecessity.v
216	src/foundation/DerivedVsNumerological.v
217	src/foundation/DeterminantModB.v
218	src/foundation/DiffeoIsRelabeling.v
219	src/foundation/DimensionFromSpin.v
220	src/foundation/DimensionPositReduction.v
221	src/foundation/DimensionRoleLimit.v
222	src/foundation/DimensionThreeAxes.v
223	src/foundation/DimensionTwoAxes.v
224	src/foundation/DiracFromSpin.v
225	src/foundation/DiracOnLattice.v
226	src/foundation/DiscreteGeometrySynthesis.v
227	src/foundation/DiscriminantCompleteEigenvalue.v
228	src/foundation/Distinction.v
229	src/foundation/DistinctionProcess.v
230	src/foundation/DistinctionRepetition.v
231	src/foundation/DOFCounting.v
232	src/foundation/DynamicBoundaryDecidable.v
233	src/foundation/DynamicBoundaryFrontier.v
234	src/foundation/DynamicBoundaryLPO.v
235	src/foundation/DynamizedGaugeHierarchy.v
236	src/foundation/EinsteinRuleElementCoupling.v
237	src/foundation/EnergyFromContent.v
238	src/foundation/EnergySynthesis.v
239	src/foundation/EntropyExact.v
240	src/foundation/EquipartitionBedrock.v
241	src/foundation/EquipartitionRule.v
242	src/foundation/ERRAutomorphism.v
243	src/foundation/ERRBijections.v
244	src/foundation/ERRCategory.v
245	src/foundation/ERRComputationBridge.v
246	src/foundation/ERRFromDistinction.v
247	src/foundation/ERRGaugeFunctorSynthesis.v
248	src/foundation/ERRKnowledgeBase.v
249	src/foundation/ERRLawsCorrespondence.v
250	src/foundation/ERRProcess.v
251	src/foundation/ERRWellFormedness.v
252	src/foundation/ERRWilsonBridge.v
253	src/foundation/EtaFromLattice.v
254	src/foundation/EulerCharacteristic.v
255	src/foundation/EulerProcessRoleLimit.v
256	src/foundation/FeigenbaumERR.v
257	src/foundation/FoundationNamedFloor.v
258	src/foundation/FrameFreeFinitization.v
259	src/foundation/FrameworkConvergence.v
260	src/foundation/GammaUnification.v
261	src/foundation/GaugeFromDistinctionSynthesis.v
262	src/foundation/GaugeGroupMinimality.v
263	src/foundation/GaugeLevelSeparation.v
264	src/foundation/GaugePositReduction.v
265	src/foundation/GeneralEigenvalueIntegral.v
266	src/foundation/GeneralHermitianCayley.v
267	src/foundation/GenerationsFromL4.v
268	src/foundation/GenerationsPositReduction.v
269	src/foundation/GenerationsSynthesis.v
270	src/foundation/GraphUnitary.v
271	src/foundation/GravityFinitization.v
272	src/foundation/GravityH1Decision.v
273	src/foundation/GravityRuleUniversality.v
274	src/foundation/GravitySymSquareGauge.v
275	src/foundation/GRQFTDiscriminantBridge.v
276	src/foundation/GRQFTSynthesis.v
277	src/foundation/H1AlgebraicDecider.v
278	src/foundation/H1AlgebraicElement.v
279	src/foundation/H1ConstructivityComputable.v
280	src/foundation/H1ConstructivityDecidable.v
281	src/foundation/H1CubicConstructivity.v
282	src/foundation/H1GeneralDegreeConstructivity.v
283	src/foundation/H1RationalDegreeUniform.v
284	src/foundation/HeavyWallAudit.v
285	src/foundation/HeliumBoundary.v
286	src/foundation/HeliumStructure.v
287	src/foundation/HierarchyLaplacian.v
288	src/foundation/HydrogenStructure.v
289	src/foundation/HydrogenThreeFormulas.v
290	src/foundation/IndivisibleDistinction.v
291	src/foundation/InterLevelCalculus.v
292	src/foundation/JFactorDescent.v
293	src/foundation/KappaFrameworkChain.v
294	src/foundation/KappaPositReduction.v
295	src/foundation/L1_DoublyStochastic.v
296	src/foundation/L2DiracSynthesis.v
297	src/foundation/L5_Arrow.v
298	src/foundation/L5_as_Theorem.v
299	src/foundation/L5_Conservation.v
300	src/foundation/L5_CoreSynthesis.v
301	src/foundation/L5_Indivisible.v
302	src/foundation/L5_NatFromHierarchy.v
303	src/foundation/L5_PhasesSynthesis.v
304	src/foundation/L5_Preservation.v
305	src/foundation/L5_ResolutionGeneral.v
306	src/foundation/L5_RGConnection.v
307	src/foundation/L5_StructurePreservation.v
308	src/foundation/L5CausalOrder.v
309	src/foundation/LambdaAntigravityComputation.v
310	src/foundation/LambdaPrediction.v
311	src/foundation/LambdaSmallnessDescent.v
312	src/foundation/LatticeDecimationRG.v
313	src/foundation/LawsFromDistinction.v
314	src/foundation/LevelComparison.v
315	src/foundation/LevelStructure.v
316	src/foundation/LiouvilleBeyondAlgebraic.v
317	src/foundation/LithiumStructure.v
318	src/foundation/LogicalAtom.v
319	src/foundation/MandelbrotERR.v
320	src/foundation/MatterAsymmetry.v
321	src/foundation/MeasurementSynthesis.v
322	src/foundation/MetricDOFJustification.v
323	src/foundation/MillenniumHonesty.v
324	src/foundation/MinimalLengthDerivation.v
325	src/foundation/MinimalLengthDispersion.v
326	src/foundation/MinimalLengthIsUnit.v
327	src/foundation/MinimalLengthNoPosit.v
328	src/foundation/MonicRationalRoot.v
329	src/foundation/NatureBoundaryLedger.v
330	src/foundation/NestedDimensionsOpenTower.v
331	src/foundation/NestedDistinction.v
332	src/foundation/NestedHierarchyConservation.v
333	src/foundation/NontrivialDepth.v
334	src/foundation/NSBoundDescent.v
335	src/foundation/NumberIsVolume.v
336	src/foundation/NumericalPredictions.v
337	src/foundation/ObserverCompressor.v
338	src/foundation/ObserverFoundation.v
339	src/foundation/ObserverSynthesis.v
340	src/foundation/OpenFrontierLedger.v
341	src/foundation/Ordinal.v
342	src/foundation/P4_Eliminates_AC.v
343	src/foundation/P4_Eliminates_ATR.v
344	src/foundation/P4_Eliminates_Infinity.v
345	src/foundation/P4_Eliminates_Pi11.v
346	src/foundation/P4CompletedInfinity.v
347	src/foundation/P4ProhibitionSynthesis.v
348	src/foundation/P4ProhibitsAC.v
349	src/foundation/P4ProhibitsImpredicative.v
350	src/foundation/ParadoxDiagnosis.v
351	src/foundation/PhotonThreeFormulas.v
352	src/foundation/PhysicalProcess.v
353	src/foundation/PhysicsDemarcation.v
354	src/foundation/PhysicsERR.v
355	src/foundation/PiAngleAllTriples.v
356	src/foundation/PiAngleRoleLimit.v
357	src/foundation/PiAngleScaleInvariant.v
358	src/foundation/PiRational.v
359	src/foundation/PlanckBridge.v
360	src/foundation/PositFloor.v
361	src/foundation/PredictionHonesty.v
362	src/foundation/PrimalityOfOne.v
363	src/foundation/PrimitiveTripleNT.v
364	src/foundation/PrinciplesFromLaws.v
365	src/foundation/PrinciplesToERR.v
366	src/foundation/ProcessMetricComplete.v
367	src/foundation/ProcessP4Synthesis.v
368	src/foundation/QuantizationSynthesis.v
369	src/foundation/QuantumGravityCategoryError.v
370	src/foundation/QubitThreeFormulas.v
371	src/foundation/RationalRootEigenvalue.v
372	src/foundation/RealCouplingSpectrum.v
373	src/foundation/RelativityFoundation.v
374	src/foundation/RGCascadeReal.v
375	src/foundation/RicciContraction.v
376	src/foundation/RiemannFromConnection.v
377	src/foundation/RoleLimitTaxonomy.v
378	src/foundation/SakharovERR.v
379	src/foundation/ScaleHierarchySynthesis.v
380	src/foundation/ScaleHierarchyTransfer.v
381	src/foundation/SheafLaplacianQ.v
382	src/foundation/ShellCascadeNS.v
383	src/foundation/SHOThreeFormulas.v
384	src/foundation/SingleSourcePrinciple.v
385	src/foundation/SinThetaWDerivationStatus.v
386	src/foundation/SMConsistency.v
387	src/foundation/SortDecidable.v
388	src/foundation/SpectralSectors.v
389	src/foundation/SpectralSolvability.v
390	src/foundation/SphaleronRateDescent.v
391	src/foundation/SphaleronWinding.v
392	src/foundation/SpinFromChirality.v
393	src/foundation/SquareWellThreeFormulas.v
394	src/foundation/StabilityDimensionSynthesis.v
395	src/foundation/StableDimension.v
396	src/foundation/StatusFromERR.v
397	src/foundation/SU3Minimality.v
398	src/foundation/TeleportationCarrierSwap.v
399	src/foundation/TeleportationResourceNoClone.v
400	src/foundation/ThermoArrowAudit.v
401	src/foundation/ThetaFromL2L3.v
402	src/foundation/ThreeFormulaBoundary.v
403	src/foundation/ThreeFormulaMethod.v
404	src/foundation/ThreeFormulasBridge.v
405	src/foundation/TierThreeUniversality.v
406	src/foundation/TimeFromObservation.v
407	src/foundation/TransfiniteInduction.v
408	src/foundation/TransfiniteInductionLevel.v
409	src/foundation/TwoMechanisms.v
410	src/foundation/TwoSU2OneQuaternion.v
411	src/foundation/UnistochasticFromGraph.v
412	src/foundation/UniversalDiagonal.v
413	src/foundation/UniversalInterLevelCalculus.v
414	src/foundation/VacuumFromTransfer.v
415	src/foundation/VacuumIsAntigravity.v
416	src/foundation/VacuumNecessity.v
417	src/foundation/VariationalEinsteinSourced.v
418	src/foundation/VoidInexhaustible.v
419	src/foundation/VoidLogicDuality.v
420	src/foundation/VoidLogicSynthesis.v
421	src/foundation/VolumeDimension.v
422	src/foundation/WallTaxonomyReflexive.v
423	src/foundation/WallTaxonomySynthesis.v
424	src/foundation/WashoutNonTransfer.v
425	src/foundation/WeinbergAngleDerivation.v
426	src/gauge/Block3D.v
427	src/gauge/BlockDiagonal2D.v
428	src/gauge/CharacterTransfer.v
429	src/gauge/ClebschGordan.v
430	src/gauge/ClusterProof.v
431	src/gauge/CombinedTransfer3D.v
432	src/gauge/ConfinementCorrection.v
433	src/gauge/Continuum3DSynthesis.v
434	src/gauge/ContinuumCharacter.v
435	src/gauge/ContinuumCovariance.v
436	src/gauge/ContinuumGap.v
437	src/gauge/ContinuumGap2D.v
438	src/gauge/ContinuumMatrix2D.v
439	src/gauge/ContinuumOperator.v
440	src/gauge/ContinuumSynthesis.v
441	src/gauge/CorrelationProof.v
442	src/gauge/CosineAction.v
443	src/gauge/Coupled2D.v
444	src/gauge/Coupled3D.v
445	src/gauge/CovarianceProof.v
446	src/gauge/DimensionLadder.v
447	src/gauge/DomainWalls.v
448	src/gauge/EigenAnalysis2D.v
449	src/gauge/ExactEigenvalues.v
450	src/gauge/ExactMassGap.v
451	src/gauge/ExactRGProcess.v
452	src/gauge/ExtendedAction.v
453	src/gauge/ExtendedAction7.v
454	src/gauge/ExtendedInterval.v
455	src/gauge/FormalAnalytic.v
456	src/gauge/FormalSO4.v
457	src/gauge/FormalTempered.v
458	src/gauge/Gap2D.v
459	src/gauge/Gap3D.v
460	src/gauge/GapBound.v
461	src/gauge/GapDecayRate.v
462	src/gauge/GapMatching.v
463	src/gauge/GapRatio.v
464	src/gauge/GaugeField.v
465	src/gauge/GaugeSynthesis.v
466	src/gauge/GlobalMassGap.v
467	src/gauge/HigherOrderRG.v
468	src/gauge/HilbertConstruction.v
469	src/gauge/InstantonEnhanced.v
470	src/gauge/IrrelevantOperators.v
471	src/gauge/KDependence.v
472	src/gauge/LargerLattice.v
473	src/gauge/Lattice3D.v
474	src/gauge/Lattice3DSynthesis.v
475	src/gauge/LatticeCorrelations.v
476	src/gauge/LatticeOS1_Analyticity.v
477	src/gauge/LatticeOS2_Regularity.v
478	src/gauge/LatticeOS3_Covariance.v
479	src/gauge/LatticeRG.v
480	src/gauge/LatticeStructure.v
481	src/gauge/MassGapBound.v
482	src/gauge/MassGapProcess.v
483	src/gauge/MillenniumSynthesis.v
484	src/gauge/NonlinearRG.v
485	src/gauge/NonperturbativeGap.v
486	src/gauge/PerturbationRG.v
487	src/gauge/PhaseB_Synthesis.v
488	src/gauge/ProcessMassGap.v
489	src/gauge/ProofClosure.v
490	src/gauge/ReflectionPositiveProof.v
491	src/gauge/ReflectionPositivity.v
492	src/gauge/RGContraction.v
493	src/gauge/RGConvergence.v
494	src/gauge/RGFlow.v
495	src/gauge/SpatialHamiltonian.v
496	src/gauge/SpectralBound.v
497	src/gauge/SpectralGapCorrect.v
498	src/gauge/StripSpectrum.v
499	src/gauge/StripSynthesis.v
500	src/gauge/StripTransfer.v
501	src/gauge/StrongCoupling.v
502	src/gauge/SU2Characters.v
503	src/gauge/SU2Group.v
504	src/gauge/SU2Lattice.v
505	src/gauge/SU2Synthesis.v
506	src/gauge/SU2TransferMatrix.v
507	src/gauge/SU3AsymptoticFreedom.v
508	src/gauge/SU3Characters.v
509	src/gauge/SU3ContinuumLimit.v
510	src/gauge/SU3Glueball.v
511	src/gauge/SU3GrandSynthesis.v
512	src/gauge/SU3Lattice3D.v
513	src/gauge/SU3ObservablesSynthesis.v
514	src/gauge/SU3Representations.v
515	src/gauge/SU3StringTension.v
516	src/gauge/SU3Synthesis.v
517	src/gauge/SU3Transfer.v
518	src/gauge/Synthesis2D.v
519	src/gauge/TensorGapBound.v
520	src/gauge/ThermodynamicLimit.v
521	src/gauge/TopologicalObstruction.v
522	src/gauge/Transfer3x3.v
523	src/gauge/TransferMatrix.v
524	src/gauge/TransferMatrixProof.v
525	src/gauge/TridiagonalGap.v
526	src/gauge/UniversalityClass.v
527	src/gauge/WallBreachSynthesis.v
528	src/gauge/WallTheorem.v
529	src/gauge/WightmanReconstruction.v
530	src/gauge/WilsonAction.v
531	src/gauge/YangMillsComplete.v
532	src/gauge/YangMillsCorrected.v
533	src/gauge/YangMillsFinal.v
534	src/gauge/YangMillsProcess.v
535	src/gauge/YangMillsSealed.v
536	src/gauge/YM3DComplete.v
537	src/gauge/YMLevel4Complete.v
538	src/gauge/YMLevel5Complete.v
539	src/gauge/YMWallBreach.v
540	src/geometry/CayleySO3.v
541	src/geometry/DiscreteGaussBonnet.v
542	src/geometry/DiscreteGeodesic.v
543	src/geometry/LieAlgebraSO3.v
544	src/geometry/ManifoldAsLimit.v
545	src/geometry/QuaternionRotation.v
546	src/geometry/RationalSO3.v
547	src/GradientDescent.v
548	src/gravity/CurvatureFromGraph.v
549	src/gravity/GeodesicDeviation.v
550	src/HeineBorel_ERR.v
551	src/InductiveSystems.v
552	src/InfoLayer.v
553	src/information/InformationFromModes.v
554	src/information/LandauerConnection.v
555	src/IntegralApplications.v
556	src/IntensionalIdentity.v
557	src/ionization/CoulombOnGraph.v
558	src/ionization/IonizationThreshold.v
559	src/IVT_CauchyReal.v
560	src/IVT_ERR.v
561	src/Judgments.v
562	src/L5Resolution.v
563	src/lattice/ActionFromTransfer.v
564	src/lattice/BetaFromDecimation.v
565	src/lattice/BlockDecimation1D.v
566	src/lattice/BlockDecimation3D.v
567	src/lattice/CorrelationFunctions.v
568	src/lattice/CouplingRunning.v
569	src/lattice/DeltaSynthesis.v
570	src/lattice/DistinctionLattice.v
571	src/lattice/FeynmanRules.v
572	src/lattice/FreeEnergy.v
573	src/lattice/GaugeFieldFromConnection.v
574	src/lattice/HiggsMechanism.v
575	src/lattice/InteractionFromGraph.v
576	src/lattice/Lattice3DPropagator.v
577	src/lattice/LatticeFieldEquations.v
578	src/lattice/LoopNormalization.v
579	src/lattice/LoopRefinementN4.v
580	src/lattice/MassFromSpectrum.v
581	src/lattice/MassSpectrumSynthesis.v
582	src/lattice/OneLoop3D.v
583	src/lattice/OneLoopScalar.v
584	src/lattice/PartitionFunction.v
585	src/lattice/PerturbationExpansion.v
586	src/lattice/Propagator.v
587	src/lattice/RGFlowProcess.v
588	src/lattice/ScalarField.v
589	src/lattice/WeinbergCorrection.v
590	src/lattice/WeinbergCorrectionFixed.v
591	src/lattice/WZMassRatio.v
592	src/LevelAdjunction.v
593	src/LevelFunctors.v
594	src/light/ColorSpectrum.v
595	src/light/EdgeField.v
596	src/light/LightGravityConnection.v
597	src/light/LightSynthesis.v
598	src/light/MaxwellFromGraph.v
599	src/light/Polarization.v
600	src/light/RefractionDiffraction.v
601	src/light/SpeedOfLight.v
602	src/linalg/EigenvalueSynthesis.v
603	src/linalg/EigenvalueTheory.v
604	src/linalg/GershgorinDiscs.v
605	src/linalg/IonizationThreshold.v
606	src/linalg/MatrixOps.v
607	src/linalg/PowerMethod.v
608	src/LinearAlgebra.v
609	src/MeanValueTheorem.v
610	src/Measure.v
611	src/MonotoneConvergence.v
612	src/navier_stokes/AdvectionEnergyConservation.v
613	src/navier_stokes/AttackSynthesis.v
614	src/navier_stokes/BKMCriterion.v
615	src/navier_stokes/ClassicalRegularity.v
616	src/navier_stokes/ConcentrationBound.v
617	src/navier_stokes/Depletion.v
618	src/navier_stokes/EnergyConstraint.v
619	src/navier_stokes/EnergyEstimate.v
620	src/navier_stokes/EnstrophyConvergence.v
621	src/navier_stokes/EnstrophyProduction.v
622	src/navier_stokes/FatouRegularity.v
623	src/navier_stokes/FiniteDifference.v
624	src/navier_stokes/FrequencySplit.v
625	src/navier_stokes/FullRegularity.v
626	src/navier_stokes/GalerkinConvergence.v
627	src/navier_stokes/GalerkinSystem.v
628	src/navier_stokes/GridFunction.v
629	src/navier_stokes/GronwallAnalysis.v
630	src/navier_stokes/HonestAssessment.v
631	src/navier_stokes/InvariantRegion.v
632	src/navier_stokes/LowModeControl.v
633	src/navier_stokes/MillenniumComplete.v
634	src/navier_stokes/NSComplete.v
635	src/navier_stokes/NSProcessFinal.v
636	src/navier_stokes/PerModeBound.v
637	src/navier_stokes/ProcessNS.v
638	src/navier_stokes/ProcessVorticity.v
639	src/navier_stokes/RegularitySynthesis.v
640	src/navier_stokes/ResolutionRegularity.v
641	src/navier_stokes/SmoothInitialData.v
642	src/navier_stokes/TransientClosure.v
643	src/navier_stokes/TriadicInteraction.v
644	src/navier_stokes/TwoMillennium.v
645	src/navier_stokes/UniformBounds.v
646	src/navier_stokes/Vorticity.v
647	src/numbertheory/ArithmeticFunctions.v
648	src/numbertheory/ChineseRemainder.v
649	src/numbertheory/EuclidInfinitude.v
650	src/numbertheory/EulerFermat.v
651	src/numbertheory/EulerTheorem.v
652	src/numbertheory/MobiusDirichlet.v
653	src/numbertheory/PrimeCounting.v
654	src/numbertheory/PrimeFactorization.v
655	src/numbertheory/VonMangoldt.v
656	src/PhaseA_Examples.v
657	src/physics/AlphaBareLattice.v
658	src/physics/BetaFunctionLattice.v
659	src/physics/BornRule.v
660	src/physics/BornRuleFromUnitarity.v
661	src/physics/CausalStructure.v
662	src/physics/Decoherence.v
663	src/physics/EnergyDeterminesGraph.v
664	src/physics/Entanglement.v
665	src/physics/FineStructureProcess.v
666	src/physics/FineStructureSynthesis.v
667	src/physics/GraphCurvature.v
668	src/physics/HarmonicOscillator.v
669	src/physics/InnerProductSpace.v
670	src/physics/MeasurementProcess.v
671	src/physics/MinkowskiFromDistinction.v
672	src/physics/NewtonFromGraph.v
673	src/physics/ObserverStructure.v
674	src/physics/Orthogonality.v
675	src/physics/QObservable.v
676	src/physics/QState.v
677	src/physics/QuantumDynamics.v
678	src/physics/Qubit.v
679	src/physics/RGConsistency.v
680	src/physics/RunningCouplings.v
681	src/physics/SpectralDichotomy.v
682	src/physics/SpinChain.v
683	src/physics/ThermodynamicArrow.v
684	src/physics/TimeDilation.v
685	src/physics/WeinbergAngleRunning.v
686	src/PInterval_CROWN.v
687	src/PipelineExtraction.v
688	src/PipelineSemantics.v
689	src/PowerSeries.v
690	src/Probability.v
691	src/process/Process2DPhysics.v
692	src/process/Process2DWeakCoupling.v
693	src/process/Process3DGlueball.v
694	src/process/Process3DPhysics.v
695	src/process/Process3DSigmaCurve.v
696	src/process/ProcessAccuracyPush.v
697	src/process/ProcessAccuracySummary.v
698	src/process/ProcessAccuracyTable.v
699	src/process/ProcessAdjunction.v
700	src/process/ProcessAlgebraUnified.v
701	src/process/ProcessAnalysis.v
702	src/process/ProcessAnomaly.v
703	src/process/ProcessAnomalyCancel.v
704	src/process/ProcessArithmetic.v
705	src/process/ProcessAsymptoticFreedom.v
706	src/process/ProcessAxiomAudit.v
707	src/process/ProcessBackReaction.v
708	src/process/ProcessBellInequality.v
709	src/process/ProcessBestApproximation.v
710	src/process/ProcessBeta4.v
711	src/process/ProcessBHMicrostates.v
712	src/process/ProcessBinReal.v
713	src/process/ProcessBlackHole.v
714	src/process/ProcessBlocking.v
715	src/process/ProcessBornCrossValidation.v
716	src/process/ProcessBornRule.v
717	src/process/ProcessBounds.v
718	src/process/ProcessBridge.v
719	src/process/ProcessBW.v
720	src/process/ProcessCanonicalCommutator.v
721	src/process/ProcessCantorMeasure.v
722	src/process/ProcessCasimirCrossValidation.v
723	src/process/ProcessCategory.v
724	src/process/ProcessCCExplicit.v
725	src/process/ProcessChainVerified.v
726	src/process/ProcessClusterConnection.v
727	src/process/ProcessCombinedTransfer.v
728	src/process/ProcessCompactSpectral.v
729	src/process/ProcessComplexRules.v
730	src/process/ProcessContinuumArgument.v
731	src/process/ProcessContinuumGapConnection.v
732	src/process/ProcessContinuumLimit.v
733	src/process/ProcessConvergenceRates.v
734	src/process/ProcessCore.v
735	src/process/ProcessCorrelationConnection.v
736	src/process/ProcessCorrelationLength.v
737	src/process/ProcessCosmologicalConst.v
738	src/process/ProcessCoulombConnection.v
739	src/process/ProcessCoupling.v
740	src/process/ProcessCouplingAnalysis.v
741	src/process/ProcessCPViolation.v
742	src/process/ProcessCrossing.v
743	src/process/ProcessCrossingD.v
744	src/process/ProcessDarkMatter.v
745	src/process/ProcessDCT.v
746	src/process/ProcessDecoherence.v
747	src/process/ProcessDeconfining.v
748	src/process/ProcessDerivative.v
749	src/process/ProcessDerivedVsConsistent.v
750	src/process/ProcessDimension.v
751	src/process/ProcessDimensionLadder.v
752	src/process/ProcessDimensionSelect.v
753	src/process/ProcessDimTransmutation.v
754	src/process/ProcessDiscreteEinstein.v
755	src/process/ProcessDiscreteTrig.v
756	src/process/ProcessDMCrossSection.v
757	src/process/ProcessDMPhenomenology.v
758	src/process/ProcessEffectivePotential.v
759	src/process/ProcessEFTHierarchy.v
760	src/process/ProcessElectroweak.v
761	src/process/ProcessElectroweakMasses.v
762	src/process/ProcessEmergencePhysics.v
763	src/process/ProcessEnergyConservation.v
764	src/process/ProcessEntanglement.v
765	src/process/ProcessERRDerived.v
766	src/process/ProcessERRFermion.v
767	src/process/ProcessERRGauge.v
768	src/process/ProcessERRGaugeGroup.v
769	src/process/ProcessERRGaugeSynthesis.v
770	src/process/ProcessErrorBounds.v
771	src/process/ProcessERRSymmetry.v
772	src/process/ProcessERRWilson.v
773	src/process/ProcessEVT.v
774	src/process/ProcessExactRGConnection.v
775	src/process/ProcessExactSpectrumConnection.v
776	src/process/ProcessExpProcess.v
777	src/process/ProcessExtendedCP.v
778	src/process/ProcessExtremeAccuracy.v
779	src/process/ProcessFastWalsh.v
780	src/process/ProcessFatou.v
781	src/process/ProcessFermion3D.v
782	src/process/ProcessFermionDet.v
783	src/process/ProcessFermionDoubling.v
784	src/process/ProcessFermionLoop.v
785	src/process/ProcessFermionMassAnalysis.v
786	src/process/ProcessFermionSpectrum.v
787	src/process/ProcessFermionSynthesis.v
788	src/process/ProcessFinalAssessment.v
789	src/process/ProcessFinalMap.v
790	src/process/ProcessFiniteDim.v
791	src/process/ProcessFiniteRG.v
792	src/process/ProcessFourierCompression.v
793	src/process/ProcessFourierON.v
794	src/process/ProcessFourierSeriesL2.v
795	src/process/ProcessFourierSynthesis.v
796	src/process/ProcessFourPrinciples.v
797	src/process/ProcessFriedmann.v
798	src/process/ProcessFTC.v
799	src/process/ProcessFubiniGeneral.v
800	src/process/ProcessFuncUnified.v
801	src/process/ProcessGaugeCategory.v
802	src/process/ProcessGaugeFullSynthesis.v
803	src/process/ProcessGaugeGravityUnification.v
804	src/process/ProcessGaussianQ.v
805	src/process/ProcessGeodesic.v
806	src/process/ProcessGeomCategory.v
807	src/process/ProcessGeomGaugeBasic.v
808	src/process/ProcessGeomGaugeFunctor.v
809	src/process/ProcessGGAdjProcess.v
810	src/process/ProcessGGAdjStrict.v
811	src/process/ProcessGGAdjSynthesis.v
812	src/process/ProcessGGAdjWeak.v
813	src/process/ProcessGGGalois.v
814	src/process/ProcessGlobalGapConnection.v
815	src/process/ProcessGlueballExtended.v
816	src/process/ProcessGlueballMass.v
817	src/process/ProcessGoldstone.v
818	src/process/ProcessGrandUnification.v
819	src/process/ProcessGrassmann.v
820	src/process/ProcessGravGaugeCorrection.v
821	src/process/ProcessGravitonScattering.v
822	src/process/ProcessGravitonSelfEnergy.v
823	src/process/ProcessGravRedshift.v
824	src/process/ProcessGravWave.v
825	src/process/ProcessGravWaveform.v
826	src/process/ProcessGravWavePMG.v
827	src/process/ProcessGRObservables.v
828	src/process/ProcessGronwall.v
829	src/process/ProcessGroup.v
830	src/process/ProcessGRSynthesis.v
831	src/process/ProcessGUTScale.v
832	src/process/ProcessGWSpeed.v
833	src/process/ProcessHadamardGate.v
834	src/process/ProcessHarmonicLadder.v
835	src/process/ProcessHB.v
836	src/process/ProcessHeatEquation.v
837	src/process/ProcessHeisenberg.v
838	src/process/ProcessHierarchyResolution.v
839	src/process/ProcessHiggsMassCorrected.v
840	src/process/ProcessHiggsMechanism.v
841	src/process/ProcessHiggsPotentialERR.v
842	src/process/ProcessHiggsRatio.v
843	src/process/ProcessHiggsVEV.v
844	src/process/ProcessHigherDComparison.v
845	src/process/ProcessHolographic.v
846	src/process/ProcessHomomorphism.v
847	src/process/ProcessHVP.v
848	src/process/ProcessHVPConvergence.v
849	src/process/ProcessInflation.v
850	src/process/ProcessIntegral.v
851	src/process/ProcessIntrinsicDefect.v
852	src/process/ProcessIVT.v
853	src/process/ProcessKappaAnalysis.v
854	src/process/ProcessKappaDerivation.v
855	src/process/ProcessL2.v
856	src/process/ProcessL2Bessel.v
857	src/process/ProcessL2BesselGeneral.v
858	src/process/ProcessL2CauchySchwarz.v
859	src/process/ProcessL2HilbertSynthesis.v
860	src/process/ProcessL2Parseval.v
861	src/process/ProcessL2RieszFischer.v
862	src/process/ProcessL2Triangle.v
863	src/process/ProcessL4Variational.v
864	src/process/ProcessLambdaQCD.v
865	src/process/ProcessLambShiftConnection.v
866	src/process/ProcessLatticeFermion.v
867	src/process/ProcessLatticeObservable.v
868	src/process/ProcessLatticeTopology.v
869	src/process/ProcessLebesgue.v
870	src/process/ProcessLightCone.v
871	src/process/ProcessLightDeflection.v
872	src/process/ProcessLimitColimit.v
873	src/process/ProcessLinalgConnection.v
874	src/process/ProcessLorentzian.v
875	src/process/ProcessLorentzianRegge.v
876	src/process/ProcessLorentzianSynthesis.v
877	src/process/ProcessMassHierarchy.v
878	src/process/ProcessMCT.v
879	src/process/ProcessMeasurement.v
880	src/process/ProcessMeasureTheory.v
881	src/process/ProcessMeasureUnified.v
882	src/process/ProcessMillenniumConnection.v
883	src/process/ProcessMWOneLoop.v
884	src/process/ProcessNavierStokesConnection.v
885	src/process/ProcessNeutrinoMass.v
886	src/process/ProcessNeutrinoRatio.v
887	src/process/ProcessNielsenNinomiya.v
888	src/process/ProcessNinePoint.v
889	src/process/ProcessNoCloning.v
890	src/process/ProcessNoetherian.v
891	src/process/ProcessNonAbelianERR.v
892	src/process/ProcessNonAbelianSU2.v
893	src/process/ProcessODE.v
894	src/process/ProcessODEExamples.v
895	src/process/ProcessODEStability.v
896	src/process/ProcessODESystem.v
897	src/process/ProcessOpenQuestions.v
898	src/process/ProcessOperatorFA.v
899	src/process/ProcessOS123Connection.v
900	src/process/ProcessOSConnection.v
901	src/process/ProcessP3Dynamics.v
902	src/process/ProcessP3Einstein.v
903	src/process/ProcessP3Gravity.v
904	src/process/ProcessP3GravitySynthesis.v
905	src/process/ProcessP3Metric.v
906	src/process/ProcessPathBSynthesis.v
907	src/process/ProcessPathOrdering.v
908	src/process/ProcessPauliExclusion.v
909	src/process/ProcessPDEGreen.v
910	src/process/ProcessPhysicalSigma.v
911	src/process/ProcessPhysicsSynthesis.v
912	src/process/ProcessPicard.v
913	src/process/ProcessPicardOperator.v
914	src/process/ProcessPlanckLength.v
915	src/process/ProcessPlaquette.v
916	src/process/ProcessPlaquetteCurve.v
917	src/process/ProcessPlaquetteExtended.v
918	src/process/ProcessPlaquetteFix.v
919	src/process/ProcessPMGEssential.v
920	src/process/ProcessPMGMarkov.v
921	src/process/ProcessPMGQuantum.v
922	src/process/ProcessPMGSchrodinger.v
923	src/process/ProcessPMGUnified.v
924	src/process/ProcessPolyakovLoop.v
925	src/process/ProcessPositionMomentum.v
926	src/process/ProcessPostNewtonian.v
927	src/process/ProcessPrecession.v
928	src/process/ProcessProbability.v
929	src/process/ProcessProcessPhysics.v
930	src/process/ProcessProjectiveConnection.v
931	src/process/ProcessProtonDecay.v
932	src/process/ProcessProtonStructure.v
933	src/process/ProcessQMCrossValidation.v
934	src/process/ProcessQMSynthesis.v
935	src/process/ProcessQuantization.v
936	src/process/ProcessQuantumGravity.v
937	src/process/ProcessQuantumZeno.v
938	src/process/ProcessRationalsNull.v
939	src/process/ProcessRegge.v
940	src/process/ProcessRegge4D.v
941	src/process/ProcessReggeTransfer.v
942	src/process/ProcessReggeVariation.v
943	src/process/ProcessRGFlow.v
944	src/process/ProcessRGHigherOrder.v
945	src/process/ProcessRGPrecision.v
946	src/process/ProcessRGRigorConnection.v
947	src/process/ProcessRGTrajectory.v
948	src/process/ProcessRGWeinberg.v
949	src/process/ProcessRing.v
950	src/process/ProcessRoleConstraints.v
951	src/process/ProcessScaleMatching.v
952	src/process/ProcessSchrodingerEvolution.v
953	src/process/ProcessSchwarzschildRegge.v
954	src/process/ProcessSelfAdjointSpectral.v
955	src/process/ProcessSeries.v
956	src/process/ProcessSigmaAdditive.v
957	src/process/ProcessSigmaCurve.v
958	src/process/ProcessSigmaHigherM.v
959	src/process/ProcessSigmaM2.v
960	src/process/ProcessSigmaM3.v
961	src/process/ProcessSimple.v
962	src/process/ProcessSimplex4D.v
963	src/process/ProcessSpacetime.v
964	src/process/ProcessSpecificHeat.v
965	src/process/ProcessSpectral.v
966	src/process/ProcessSpectralIndex.v
967	src/process/ProcessSpectralTheoryQ.v
968	src/process/ProcessSpinStatistics.v
969	src/process/ProcessStability.v
970	src/process/ProcessStaggered.v
971	src/process/ProcessStandardModel.v
972	src/process/ProcessStep11Synthesis.v
973	src/process/ProcessStep12Synthesis.v
974	src/process/ProcessStep3Synthesis.v
975	src/process/ProcessStep4Synthesis.v
976	src/process/ProcessStep5Synthesis.v
977	src/process/ProcessStep8Synthesis.v
978	src/process/ProcessStepASynthesis.v
979	src/process/ProcessStepFinalSynthesis.v
980	src/process/ProcessStringTension.v
981	src/process/ProcessStrongCouplingComparison.v
982	src/process/ProcessStrongCP.v
983	src/process/ProcessSU2DetailConnection.v
984	src/process/ProcessSU3Gauge.v
985	src/process/ProcessSU3Matrix.v
986	src/process/ProcessSuperposition.v
987	src/process/ProcessSymBreaking.v
988	src/process/ProcessSynthesisCleanup1.v
989	src/process/ProcessSynthesisCleanup2.v
990	src/process/ProcessSynthesisCleanup3.v
991	src/process/ProcessSynthesisStrengthened.v
992	src/process/ProcessTaylor.v
993	src/process/ProcessThermodynamicConnection.v
994	src/process/ProcessThermodynamics.v
995	src/process/ProcessThetaExplicit.v
996	src/process/ProcessThreeCoupling.v
997	src/process/ProcessTime.v
998	src/process/ProcessTopCompact.v
999	src/process/ProcessTopConnected.v
1000	src/process/ProcessTopMetric.v
1001	src/process/ProcessTopOpen.v
1002	src/process/ProcessTopUnified.v
1003	src/process/ProcessTransport.v
1004	src/process/ProcessTwoLoopWeinberg.v
1005	src/process/ProcessUncertaintyBound.v
1006	src/process/ProcessUncountable.v
1007	src/process/ProcessUnified.v
1008	src/process/ProcessUnifiedLattice.v
1009	src/process/ProcessUniversalAdjunction.v
1010	src/process/ProcessUniversality.v
1011	src/process/ProcessUniversalityExplicit.v
1012	src/process/ProcessVacuumEnergy.v
1013	src/process/ProcessWalshCharacter.v
1014	src/process/ProcessWalshCompaction.v
1015	src/process/ProcessWalshConvolution.v
1016	src/process/ProcessWalshConvolutionGeneral.v
1017	src/process/ProcessWalshHadamard.v
1018	src/process/ProcessWave5Synthesis.v
1019	src/process/ProcessWaveEnergy.v
1020	src/process/ProcessWeinbergAngle.v
1021	src/process/ProcessWholeness.v
1022	src/process/ProcessWightmanConnection.v
1023	src/process/ProcessWilsonDirac.v
1024	src/process/ProcessWilsonLoop.v
1025	src/process/ProcessWMassRatio.v
1026	src/process/ProcessYMCapstone.v
1027	src/process/ProcessYukawa.v
1028	src/process/ProcessZetaComputation.v
1029	src/process/ProcessZetaConnection.v
1030	src/process/ProcessZetaValues.v
1031	src/process_qm/HilbertAsProcess.v
1032	src/process_qm/MeasurementProcess.v
1033	src/process_qm/ProcessQMSynthesis.v
1034	src/process_qm/QuantumFromVibration.v
1035	src/ProcessContinuumHypothesis.v
1036	src/ProcessDiagonal.v
1037	src/ProcessGeneral.v
1038	src/ProcessTypes.v
1039	src/Progress.v
1040	src/projective/ConnectionTheorems.v
1041	src/projective/ProcessMeasure.v
1042	src/projective/ProcessOperator.v
1043	src/projective/ProjectiveLimit.v
1044	src/projective/ProjectiveStrengthened.v
1045	src/projective/ProjectiveSystem.v
1046	src/projective/QuantumTower.v
1047	src/RealField.v
1048	src/RealPointMetric.v
1049	src/RealPointSetoid.v
1050	src/RealPointTopology.v
1051	src/ReasoningConvergence.v
1052	src/Reduction.v
1053	src/RiemannIntegration.v
1054	src/Roles.v
1055	src/RoundingSafety.v
1056	src/SchroederBernstein_ERR.v
1057	src/SeriesConvergence.v
1058	src/settheory/BorelDeterminacy.v
1059	src/settheory/CantorBendixsonFull.v
1060	src/settheory/CantorTheoremGeneral.v
1061	src/settheory/CardinalityWithoutChoice.v
1062	src/settheory/ChoicePriceMap.v
1063	src/settheory/FiniteTreeEmbedding.v
1064	src/settheory/HigmanLemma.v
1065	src/settheory/KruskalFull.v
1066	src/settheory/KruskalTree.v
1067	src/settheory/StructuralWellOrdersWithoutChoice.v
1068	src/ShrinkingIntervals_ERR.v
1069	src/SoftmaxProbability.v
1070	src/Soundness.v
1071	src/stdlib/A1_ProcessSheaf.v
1072	src/stdlib/A1_SpecProcessRing.v
1073	src/stdlib/A2_InstantonClass.v
1074	src/stdlib/A2_MonopoleClass.v
1075	src/stdlib/A2_ProcessKTheory.v
1076	src/stdlib/AbstractGap.v
1077	src/stdlib/AbstractSynthesis.v
1078	src/stdlib/Adjunction.v
1079	src/stdlib/AdjunctionInstances.v
1080	src/stdlib/AdvancedExamples.v
1081	src/stdlib/AngleTrisection.v
1082	src/stdlib/AreaLawSynthesis.v
1083	src/stdlib/AtomicClassification.v
1084	src/stdlib/AuctionTheory.v
1085	src/stdlib/Automata.v
1086	src/stdlib/BandGap.v
1087	src/stdlib/BandSynthesis.v
1088	src/stdlib/BaseExpansion.v
1089	src/stdlib/BekensteinLattice.v
1090	src/stdlib/BellTsirelson.v
1091	src/stdlib/BernsteinVazirani.v
1092	src/stdlib/BerryPhase.v
1093	src/stdlib/BerrySynthesis.v
1094	src/stdlib/BetterLogarithm.v
1095	src/stdlib/BlochHamiltonian.v
1096	src/stdlib/BlochTheorem.v
1097	src/stdlib/CalkinWilf.v
1098	src/stdlib/Category.v
1099	src/stdlib/CategoryStatExamples.v
1100	src/stdlib/CFMatrixProduct.v
1101	src/stdlib/CFSFTBridge.v
1102	src/stdlib/CFunction.v
1103	src/stdlib/ChainComplex.v
1104	src/stdlib/ChapmanKolmogorov.v
1105	src/stdlib/CharacteristicPolynomial.v
1106	src/stdlib/ChebyshevConnection.v
1107	src/stdlib/ChernInsulator.v
1108	src/stdlib/ChernNumber.v
1109	src/stdlib/CircleRotation.v
1110	src/stdlib/ClassificationSynthesis.v
1111	src/stdlib/CliffordBoundary.v
1112	src/stdlib/CliffordCapstone.v
1113	src/stdlib/CliffordCeiling.v
1114	src/stdlib/CliffordField.v
1115	src/stdlib/CliffordPhaseGate.v
1116	src/stdlib/CliffordSynthesis.v
1117	src/stdlib/ClockModel.v
1118	src/stdlib/ClockSynthesis.v
1119	src/stdlib/Combinatorics.v
1120	src/stdlib/CommutatorComplex.v
1121	src/stdlib/ComplexCorrectionSynthesis.v
1122	src/stdlib/complexity/BasinFraction.v
1123	src/stdlib/complexity/BranchingFactor.v
1124	src/stdlib/complexity/ClusteringSynthesis.v
1125	src/stdlib/complexity/ComplexitySynthesis.v
1126	src/stdlib/complexity/ForwardBackward.v
1127	src/stdlib/complexity/ForwardBackwardSynthesis.v
1128	src/stdlib/complexity/Informativeness.v
1129	src/stdlib/complexity/InformativenessIVT.v
1130	src/stdlib/complexity/InformativenessSynthesis.v
1131	src/stdlib/complexity/IsingComplexity.v
1132	src/stdlib/complexity/LandscapeSynthesis.v
1133	src/stdlib/complexity/LandscapeZones.v
1134	src/stdlib/complexity/NearFarSearch.v
1135	src/stdlib/complexity/SharkComplexity.v
1136	src/stdlib/complexity/SolutionClustering.v
1137	src/stdlib/ComplexOscillator.v
1138	src/stdlib/ComplexOverQ.v
1139	src/stdlib/ComplexQuantumGate.v
1140	src/stdlib/compression/CompressionPipeline.v
1141	src/stdlib/compression/CompressionSynthesis.v
1142	src/stdlib/compression/ErrorComposition.v
1143	src/stdlib/compression/ProcessCompression.v
1144	src/stdlib/compression/SemanticCompression.v
1145	src/stdlib/compression/SpectralCompression.v
1146	src/stdlib/compression/VerifiedHuffman.v
1147	src/stdlib/compression/VerifiedQuantization.v
1148	src/stdlib/ConditionalProbability.v
1149	src/stdlib/ConductivityDecidable.v
1150	src/stdlib/ConfinementConnection.v
1151	src/stdlib/ConfinementGapping.v
1152	src/stdlib/ConfinementSynthesis.v
1153	src/stdlib/ConicDuality.v
1154	src/stdlib/ConnectionCircle.v
1155	src/stdlib/ConnectionSynthesis.v
1156	src/stdlib/ConstructiblePolygons.v
1157	src/stdlib/ContinuedFractions.v
1158	src/stdlib/ContinuumConvergence.v
1159	src/stdlib/ControlTheory.v
1160	src/stdlib/ConvergenceSynthesis.v
1161	src/stdlib/ConvexAnalysis.v
1162	src/stdlib/CornellPotential.v
1163	src/stdlib/CosmologySynthesis.v
1164	src/stdlib/CoulombKernel.v
1165	src/stdlib/CreditScoring.v
1166	src/stdlib/CrystallographicRestriction.v
1167	src/stdlib/CrystallographicTrace.v
1168	src/stdlib/CTheoremRG.v
1169	src/stdlib/CTheoremSynthesis.v
1170	src/stdlib/CubicRoleLimit.v
1171	src/stdlib/CutDistinction.v
1172	src/stdlib/CutHolographySynthesis.v
1173	src/stdlib/D1_DerivedFunctor.v
1174	src/stdlib/D1_LoopConvergence.v
1175	src/stdlib/D1_LoopExpansion.v
1176	src/stdlib/DefiniteIndefinite.v
1177	src/stdlib/DensityMatrix.v
1178	src/stdlib/DerivationAudit.v
1179	src/stdlib/DescartesCircles.v
1180	src/stdlib/DeutschAlgorithm.v
1181	src/stdlib/DiscreteCircle.v
1182	src/stdlib/DiscreteEntropy.v
1183	src/stdlib/DiscreteGradientFlow.v
1184	src/stdlib/DiscreteMathExamples.v
1185	src/stdlib/DistinctionAsBoundary.v
1186	src/stdlib/DistinctionConnection.v
1187	src/stdlib/Distributions.v
1188	src/stdlib/DomainExamples.v
1189	src/stdlib/DyadicBits.v
1190	src/stdlib/DynamicalZeta.v
1191	src/stdlib/EdgeStates.v
1192	src/stdlib/EigenvalueUnification.v
1193	src/stdlib/EinsteinTensorProcess.v
1194	src/stdlib/EisensteinMUB.v
1195	src/stdlib/EisensteinTriples.v
1196	src/stdlib/EntanglementEntropy.v
1197	src/stdlib/EntanglementFromGreen.v
1198	src/stdlib/EntropyConvergenceRate.v
1199	src/stdlib/EntropyProcess.v
1200	src/stdlib/EntropyProcessSynthesis.v
1201	src/stdlib/EntropySynthesis.v
1202	src/stdlib/EntropyTransferConnection.v
1203	src/stdlib/Estimation.v
1204	src/stdlib/EulerProductQ.v
1205	src/stdlib/ExactPartitionFunction.v
1206	src/stdlib/FibonacciGreen.v
1207	src/stdlib/FibonacciVerify.v
1208	src/stdlib/FibonacciWord.v
1209	src/stdlib/FiniteGroup.v
1210	src/stdlib/FiniteSizeBox.v
1211	src/stdlib/FiniteSizeClassification.v
1212	src/stdlib/FiniteSizeComparison.v
1213	src/stdlib/FiniteSizeCritical.v
1214	src/stdlib/FiniteSizeHydrogen.v
1215	src/stdlib/FiniteSizeIsing.v
1216	src/stdlib/FiniteSizeMagnetization.v
1217	src/stdlib/FiniteSizeOscZ.v
1218	src/stdlib/FiniteSizeProcessRefinement.v
1219	src/stdlib/FiniteSizeScaling.v
1220	src/stdlib/FiniteSizeScalingV2.v
1221	src/stdlib/FiniteSizeSpacing.v
1222	src/stdlib/FiniteSizeSynthesis.v
1223	src/stdlib/FiniteSizeTwoParticle.v
1224	src/stdlib/FiniteSizeWalk.v
1225	src/stdlib/FinitistQM.v
1226	src/stdlib/FinitizationBoundary.v
1227	src/stdlib/FinitizationNoCutoff.v
1228	src/stdlib/FinitizationPrinciple.v
1229	src/stdlib/FinitizationVerdict.v
1230	src/stdlib/FordCircles.v
1231	src/stdlib/FormalLanguages.v
1232	src/stdlib/FormalVerification.v
1233	src/stdlib/FoundationAudit.v
1234	src/stdlib/foundations/BoltzmannProcess.v
1235	src/stdlib/foundations/CircleOpened.v
1236	src/stdlib/foundations/CircleOpenedSynthesis.v
1237	src/stdlib/foundations/DistinctionPrior.v
1238	src/stdlib/foundations/DoublyStochastic.v
1239	src/stdlib/foundations/MajorizationSchur.v
1240	src/stdlib/foundations/NailedSets.v
1241	src/stdlib/foundations/NailedSetsSynthesis.v
1242	src/stdlib/foundations/SecondLaw.v
1243	src/stdlib/foundations/SecondLawGrandSynthesis.v
1244	src/stdlib/FractalSynthesis.v
1245	src/stdlib/Functor.v
1246	src/stdlib/GameTheory.v
1247	src/stdlib/GaugeFromPlanes.v
1248	src/stdlib/GaugeGravityQG.v
1249	src/stdlib/GaugeOSClosure.v
1250	src/stdlib/GaugeRemainingClosure.v
1251	src/stdlib/GaugeSynthesis2.v
1252	src/stdlib/GaussianMUB.v
1253	src/stdlib/GaussianPrimes.v
1254	src/stdlib/GaussianSpiral.v
1255	src/stdlib/GaussianZeta.v
1256	src/stdlib/GaussianZetaPi.v
1257	src/stdlib/GaussianZetaProduct.v
1258	src/stdlib/GCD.v
1259	src/stdlib/GellMannExplicit.v
1260	src/stdlib/GeneralCbrt.v
1261	src/stdlib/GeneralRoot.v
1262	src/stdlib/GeneralSqrt.v
1263	src/stdlib/GHZParadox.v
1264	src/stdlib/GoldenCritical.v
1265	src/stdlib/GoldenFibonacci.v
1266	src/stdlib/GradientFlowSynthesis.v
1267	src/stdlib/GrandVerification.v
1268	src/stdlib/GranularFloor.v
1269	src/stdlib/Graph.v
1270	src/stdlib/graph/AndersonModel.v
1271	src/stdlib/graph/AndersonSynthesis.v
1272	src/stdlib/graph/GraphClassification.v
1273	src/stdlib/graph/GraphFoundationSynthesis.v
1274	src/stdlib/graph/GraphPhysicsSynthesis.v
1275	src/stdlib/graph/GraphPropagator.v
1276	src/stdlib/graph/GraphZoo.v
1277	src/stdlib/graph/PropagatorSynthesis.v
1278	src/stdlib/graph/SpectralEntropy.v
1279	src/stdlib/GraphAlgorithms.v
1280	src/stdlib/GraphCuts.v
1281	src/stdlib/GraphLaplacian.v
1282	src/stdlib/GravitonSelfEnergy.v
1283	src/stdlib/GravitonSpectrum.v
1284	src/stdlib/GreenDeepSynthesis.v
1285	src/stdlib/GreenDeterminant.v
1286	src/stdlib/GreenFunction.v
1287	src/stdlib/GreenGauge.v
1288	src/stdlib/GreenPathIntegral.v
1289	src/stdlib/GreenResolvent.v
1290	src/stdlib/GreenSpectral.v
1291	src/stdlib/GreenSpectralSynthesis.v
1292	src/stdlib/GreenSynthesis.v
1293	src/stdlib/GroupTheory.v
1294	src/stdlib/GroverPhase.v
1295	src/stdlib/GRProcessComplete.v
1296	src/stdlib/H1_IndexTheorem.v
1297	src/stdlib/H1_LatticeDirac.v
1298	src/stdlib/H2_ChernClass.v
1299	src/stdlib/H2_StructureSynthesis.v
1300	src/stdlib/H2_TopologicalCharge.v
1301	src/stdlib/H3_PersistentExamples.v
1302	src/stdlib/H3_PersistentHomology.v
1303	src/stdlib/HalfDistinction.v
1304	src/stdlib/HamiltonianProcess.v
1305	src/stdlib/HartreeConvergence.v
1306	src/stdlib/HartreeProcess.v
1307	src/stdlib/HartreeSynthesis.v
1308	src/stdlib/HausdorffDimension.v
1309	src/stdlib/HeatKernelLattice.v
1310	src/stdlib/heisenberg/BandwidthUncertainty.v
1311	src/stdlib/heisenberg/BinaryHeisenbergSynthesis.v
1312	src/stdlib/heisenberg/BitOperators.v
1313	src/stdlib/heisenberg/BlockMeasurement.v
1314	src/stdlib/heisenberg/ClassicalLimit.v
1315	src/stdlib/heisenberg/CommutatorBits.v
1316	src/stdlib/heisenberg/DimensionIndependence.v
1317	src/stdlib/heisenberg/DistinctionCost.v
1318	src/stdlib/heisenberg/GraphUncertainty.v
1319	src/stdlib/heisenberg/GraphUncertaintySynthesis.v
1320	src/stdlib/heisenberg/HeisenbergGrandSynthesis.v
1321	src/stdlib/heisenberg/InformationUncertainty.v
1322	src/stdlib/heisenberg/KineticCommutator.v
1323	src/stdlib/heisenberg/KineticCommutatorSynthesis.v
1324	src/stdlib/heisenberg/ResolutionUncertainty.v
1325	src/stdlib/heisenberg/RGUncertaintyFlow.v
1326	src/stdlib/heisenberg/UncertaintyBand.v
1327	src/stdlib/heisenberg/UncertaintyBandSynthesis.v
1328	src/stdlib/HeisenbergFiniteSize.v
1329	src/stdlib/HeisenbergReturn.v
1330	src/stdlib/HeisenbergSynthesis.v
1331	src/stdlib/HeisenbergUncertainty.v
1332	src/stdlib/Hessian.v
1333	src/stdlib/HolographicBound.v
1334	src/stdlib/HolographicEntropy.v
1335	src/stdlib/HolographicKac.v
1336	src/stdlib/HolographicSynthesis.v
1337	src/stdlib/HomologySynthesis.v
1338	src/stdlib/HurwitzTower.v
1339	src/stdlib/HydrogenBalmer.v
1340	src/stdlib/HydrogenClassification.v
1341	src/stdlib/HydrogenCorrection.v
1342	src/stdlib/HydrogenGrandSynthesis.v
1343	src/stdlib/HydrogenLikeAtoms.v
1344	src/stdlib/HydrogenLikeSynthesis.v
1345	src/stdlib/HydrogenPadeScreening.v
1346	src/stdlib/HydrogenPhaseTransition.v
1347	src/stdlib/HydrogenProcess.v
1348	src/stdlib/HydrogenRadial.v
1349	src/stdlib/HydrogenRadialSynthesis.v
1350	src/stdlib/HydrogenRungeLenz.v
1351	src/stdlib/HydrogenScreening.v
1352	src/stdlib/HydrogenScreeningSynthesis.v
1353	src/stdlib/HydrogenSO4.v
1354	src/stdlib/HydrogenSymmetryBreaking.v
1355	src/stdlib/HydrogenSymmetrySynthesis.v
1356	src/stdlib/HydrogenTraces.v
1357	src/stdlib/HydrogenTwoMatrices.v
1358	src/stdlib/HydrogenUniversalRatio.v
1359	src/stdlib/I1_CorrelationFromZ.v
1360	src/stdlib/I1_FormalPathIntegral.v
1361	src/stdlib/I1_PathIntegralSynthesis.v
1362	src/stdlib/I2_StatMech.v
1363	src/stdlib/I2_Thermodynamics.v
1364	src/stdlib/IndexAnomalyUnification.v
1365	src/stdlib/InformationTheory.v
1366	src/stdlib/InvariantMeasureProcess.v
1367	src/stdlib/InverseProblem.v
1368	src/stdlib/Ising1D.v
1369	src/stdlib/Ising1DVerify.v
1370	src/stdlib/Ising2DSynthesis.v
1371	src/stdlib/Ising2DThermodynamics.v
1372	src/stdlib/Ising2DTransfer.v
1373	src/stdlib/Ising2DWidth3Onsager.v
1374	src/stdlib/Ising2DWidth3Reduced.v
1375	src/stdlib/IsingAsZeta.v
1376	src/stdlib/IsingZeta.v
1377	src/stdlib/JustificationRegress.v
1378	src/stdlib/KacOnLattice.v
1379	src/stdlib/LagrangeTheorem.v
1380	src/stdlib/LaplacianAllConstantsSynthesis.v
1381	src/stdlib/LaplacianDistinction.v
1382	src/stdlib/LaplacianPiDerivation.v
1383	src/stdlib/Lattice.v
1384	src/stdlib/LatticeBerryCurvature.v
1385	src/stdlib/LatticeChernFull.v
1386	src/stdlib/LatticeEquilateral.v
1387	src/stdlib/LatticePolygons.v
1388	src/stdlib/LFunctionQ.v
1389	src/stdlib/LiYorkeSensitivity.v
1390	src/stdlib/LiYorkeSynthesis.v
1391	src/stdlib/LocalitySynthesis.v
1392	src/stdlib/LocalityTridiag.v
1393	src/stdlib/LoopUnification.v
1394	src/stdlib/LucasFibonacci.v
1395	src/stdlib/LyapunovProcess.v
1396	src/stdlib/LyapunovSynthesis.v
1397	src/stdlib/MarkovTree.v
1398	src/stdlib/MathExamples.v
1399	src/stdlib/MatN.v
1400	src/stdlib/MDPFoundations.v
1401	src/stdlib/MeasureEntropy.v
1402	src/stdlib/MeasurementProcessF.v
1403	src/stdlib/MerminSquare.v
1404	src/stdlib/MetallicRatios.v
1405	src/stdlib/MetricSpace.v
1406	src/stdlib/ModularArith.v
1407	src/stdlib/molecule/BindingProcess.v
1408	src/stdlib/molecule/H2Comparison.v
1409	src/stdlib/molecule/H2Molecule.v
1410	src/stdlib/molecule/H2Plus.v
1411	src/stdlib/molecule/H2PlusCurve.v
1412	src/stdlib/molecule/MoleculeSynthesis.v
1413	src/stdlib/molecule/TwoCenterIntegrals.v
1414	src/stdlib/molecule/TwoCenterVerify.v
1415	src/stdlib/Monad.v
1416	src/stdlib/MultiAgent.v
1417	src/stdlib/MusicTemperament.v
1418	src/stdlib/NeuralNet.v
1419	src/stdlib/NIST_Splitting.v
1420	src/stdlib/NISTSynthesis.v
1421	src/stdlib/NivenGeneral.v
1422	src/stdlib/NivenRationalCosine.v
1423	src/stdlib/NonLocalSpectrum.v
1424	src/stdlib/ODE.v
1425	src/stdlib/OnsagerCondition.v
1426	src/stdlib/OperatorProcess.v
1427	src/stdlib/OS1Closure.v
1428	src/stdlib/OS2Closure.v
1429	src/stdlib/OS3Closure.v
1430	src/stdlib/OscillatorCharPoly.v
1431	src/stdlib/OscillatorComparison.v
1432	src/stdlib/OscillatorCorrection.v
1433	src/stdlib/OscillatorFiniteSize.v
1434	src/stdlib/OscillatorRational.v
1435	src/stdlib/OscillatorSynthesis.v
1436	src/stdlib/OscillatorTraces.v
1437	src/stdlib/OTSynthesis.v
1438	src/stdlib/PadeApprox.v
1439	src/stdlib/PadeScreeningSynthesis.v
1440	src/stdlib/PartitionHigherM.v
1441	src/stdlib/PathIntegralUnification.v
1442	src/stdlib/PellDichotomy.v
1443	src/stdlib/PeriodicTableSynthesis.v
1444	src/stdlib/PeriodicTableTridiag.v
1445	src/stdlib/PeriodicTridiag.v
1446	src/stdlib/PerronFrobenius.v
1447	src/stdlib/PerronFrobeniusSynthesis.v
1448	src/stdlib/PhaseCircuit.v
1449	src/stdlib/PhaseTransitionSynthesis.v
1450	src/stdlib/PiArchimedes.v
1451	src/stdlib/PiBasel.v
1452	src/stdlib/PiBBP.v
1453	src/stdlib/PickTheorem.v
1454	src/stdlib/PiConnections.v
1455	src/stdlib/PiConvergenceRate.v
1456	src/stdlib/PiDimensional.v
1457	src/stdlib/PiFromArea.v
1458	src/stdlib/PiFromDistinction.v
1459	src/stdlib/PiFromPrimes.v
1460	src/stdlib/PiGaussCircle.v
1461	src/stdlib/PiGaussian.v
1462	src/stdlib/PiLeibniz.v
1463	src/stdlib/PiLp.v
1464	src/stdlib/PiMachin.v
1465	src/stdlib/PiOriginsSynthesis.v
1466	src/stdlib/PiRandomWalk.v
1467	src/stdlib/PiSynthesis.v
1468	src/stdlib/PiWalkAreaSynthesis.v
1469	src/stdlib/PottsTransfer.v
1470	src/stdlib/PredictionLedger.v
1471	src/stdlib/Primes.v
1472	src/stdlib/ProcessAlgebraSynthesis.v
1473	src/stdlib/ProcessBornRuleUnified.v
1474	src/stdlib/ProcessClassification.v
1475	src/stdlib/ProcessCompactness.v
1476	src/stdlib/ProcessConnection.v
1477	src/stdlib/ProcessContinuity.v
1478	src/stdlib/ProcessDiscreteOperator.v
1479	src/stdlib/ProcessDistribution.v
1480	src/stdlib/ProcessEmergentQuantization.v
1481	src/stdlib/ProcessEntanglementH.v
1482	src/stdlib/ProcessHilbert.v
1483	src/stdlib/ProcessHilbertSynthesis.v
1484	src/stdlib/ProcessIntegration.v
1485	src/stdlib/ProcessLatticeCoulomb.v
1486	src/stdlib/ProcessLatticeDispersion.v
1487	src/stdlib/ProcessLebesgue.v
1488	src/stdlib/ProcessManifold.v
1489	src/stdlib/ProcessMeasurementH.v
1490	src/stdlib/ProcessMeasureSynthesis.v
1491	src/stdlib/ProcessModule.v
1492	src/stdlib/ProcessOperatorF.v
1493	src/stdlib/ProcessOperatorH.v
1494	src/stdlib/ProcessOptimalTransport.v
1495	src/stdlib/ProcessQMConcrete.v
1496	src/stdlib/ProcessRefinement.v
1497	src/stdlib/ProcessRefinementSynthesis.v
1498	src/stdlib/ProcessRing.v
1499	src/stdlib/ProcessSpace.v
1500	src/stdlib/ProcessSubring.v
1501	src/stdlib/ProcessUncertainty.v
1502	src/stdlib/ProcessWheelerDeWitt.v
1503	src/stdlib/PythagoreanDensity.v
1504	src/stdlib/PythagoreanMeans.v
1505	src/stdlib/PythagoreanTree.v
1506	src/stdlib/PythagoreanTriples.v
1507	src/stdlib/qchem/BCSCondensate.v
1508	src/stdlib/qchem/BCSGap.v
1509	src/stdlib/qchem/BCSSynthesis.v
1510	src/stdlib/qchem/BCSTransferMatrix.v
1511	src/stdlib/qchem/CooperPair.v
1512	src/stdlib/qchem/G2Atomization.v
1513	src/stdlib/qchem/G2Energies.v
1514	src/stdlib/qchem/G2ErrorAnalysis.v
1515	src/stdlib/qchem/G2IonizationEnergy.v
1516	src/stdlib/qchem/G2Synthesis.v
1517	src/stdlib/qchem/GrapheneDOS.v
1518	src/stdlib/qchem/GrapheneSynthesis.v
1519	src/stdlib/qchem/GrapheneTopology.v
1520	src/stdlib/qchem/GrapheneTransfer.v
1521	src/stdlib/qchem/HeCISynthesisQ.v
1522	src/stdlib/qchem/HeEnergyLadder.v
1523	src/stdlib/qchem/HeJSynthesis.v
1524	src/stdlib/qchem/HeMultiSlater.v
1525	src/stdlib/qchem/HeteronuclearIntegrals.v
1526	src/stdlib/qchem/HFMolecule.v
1527	src/stdlib/qchem/HFSynthesis.v
1528	src/stdlib/qchem/HoneycombLattice.v
1529	src/stdlib/qchem/JCrossTerms.v
1530	src/stdlib/qchem/JIntegralExact.v
1531	src/stdlib/qchem/PolarBond.v
1532	src/stdlib/qed/SchwingerFirstOrder.v
1533	src/stdlib/QFT4.v
1534	src/stdlib/QFT8Process.v
1535	src/stdlib/QGCompleteSynthesis.v
1536	src/stdlib/QGConcreteComputation.v
1537	src/stdlib/QGPathIntegral.v
1538	src/stdlib/QGSynthesis.v
1539	src/stdlib/QiPowerSeries.v
1540	src/stdlib/QMUnification.v
1541	src/stdlib/qphysics/AngularMomentum.v
1542	src/stdlib/qphysics/BohrModel.v
1543	src/stdlib/qphysics/ClebschGordanQ.v
1544	src/stdlib/qphysics/ComparisonTable.v
1545	src/stdlib/qphysics/CyclotomicQ.v
1546	src/stdlib/qphysics/FineStructure.v
1547	src/stdlib/qphysics/FundamentalIntegral.v
1548	src/stdlib/qphysics/GaussianVsSlater.v
1549	src/stdlib/qphysics/HeCIEigenvalue.v
1550	src/stdlib/qphysics/HeCIMatrix.v
1551	src/stdlib/qphysics/HeCISynthesis.v
1552	src/stdlib/qphysics/HeConvergenceRate.v
1553	src/stdlib/qphysics/HeCorrelationEnergy.v
1554	src/stdlib/qphysics/HeCoulombIntegral.v
1555	src/stdlib/qphysics/HeHartreeFock.v
1556	src/stdlib/qphysics/HeliumNumbers.v
1557	src/stdlib/qphysics/HeSlaterBasis.v
1558	src/stdlib/qphysics/HydrogenNumbers.v
1559	src/stdlib/qphysics/IrrationalsClassification.v
1560	src/stdlib/qphysics/LithiumNumbers.v
1561	src/stdlib/qphysics/QEigenvalueTheorem.v
1562	src/stdlib/qphysics/QMatrixElements.v
1563	src/stdlib/qphysics/QPhysicsGrandSynthesis.v
1564	src/stdlib/qphysics/QPhysicsProcesses.v
1565	src/stdlib/qphysics/QPhysicsTheoremSynthesis.v
1566	src/stdlib/QuadraticDiscriminant.v
1567	src/stdlib/quantum/ErrorCorrectionQ.v
1568	src/stdlib/quantum/GroverSpectralQ.v
1569	src/stdlib/quantum/QuantumClassicalMapQ.v
1570	src/stdlib/quantum/QuantumSynthesisQ.v
1571	src/stdlib/quantum/QubitQ.v
1572	src/stdlib/quantum/SimulationClassQ.v
1573	src/stdlib/QuantumAlgSynthesis.v
1574	src/stdlib/QuantumAlgSynthesis2.v
1575	src/stdlib/QuantumBounce.v
1576	src/stdlib/QuantumClassicalComparison.v
1577	src/stdlib/QuantumCosmology.v
1578	src/stdlib/QuantumErrorCorrection.v
1579	src/stdlib/QuantumInterference.v
1580	src/stdlib/QuantumWalkDef.v
1581	src/stdlib/QuantumWalkExact.v
1582	src/stdlib/QuantumWalkSpreading.v
1583	src/stdlib/QuantumWalkSynthesis.v
1584	src/stdlib/QuaternionFromDistinction.v
1585	src/stdlib/QuaternionSynthesis.v
1586	src/stdlib/QubitCeiling.v
1587	src/stdlib/R1_ReggeEinsteinConvergence.v
1588	src/stdlib/R2_EinsteinSynthesis.v
1589	src/stdlib/R2_ProcessEinsteinEq.v
1590	src/stdlib/R2_ProcessEinsteinSolutions.v
1591	src/stdlib/R2_ProcessSingularity.v
1592	src/stdlib/RandomWalkCycle.v
1593	src/stdlib/RandomWalkLine.v
1594	src/stdlib/RationalLorentz.v
1595	src/stdlib/RationalQInfo.v
1596	src/stdlib/RationalQuaternions.v
1597	src/stdlib/RationalRotationGroup.v
1598	src/stdlib/RationalSphere.v
1599	src/stdlib/ReductionAtlasNiven.v
1600	src/stdlib/ReductionAtlasParity.v
1601	src/stdlib/ReductionAtlasPell.v
1602	src/stdlib/ReductionAtlasSurd.v
1603	src/stdlib/ReductionAtlasSynthesis.v
1604	src/stdlib/ReductionAtlasUnimodular.v
1605	src/stdlib/RefinementEigenvalue.v
1606	src/stdlib/RefinementEntropy.v
1607	src/stdlib/RefinementHierarchy.v
1608	src/stdlib/RefinementIntegral.v
1609	src/stdlib/RefinementPi.v
1610	src/stdlib/RefinementSqrt.v
1611	src/stdlib/ReggeDictionary.v
1612	src/stdlib/ReggeSynthesis.v
1613	src/stdlib/ReggeTrajectory.v
1614	src/stdlib/ResolventSynthesis.v
1615	src/stdlib/RGOptimalTransport.v
1616	src/stdlib/RGOTSynthesis.v
1617	src/stdlib/RGTransportProcess.v
1618	src/stdlib/RingField.v
1619	src/stdlib/RydbergProcess.v
1620	src/stdlib/RydbergSynthesis.v
1621	src/stdlib/ScreeningFit.v
1622	src/stdlib/SFTClassification.v
1623	src/stdlib/SFTClassificationSynthesis.v
1624	src/stdlib/SFTEntropyGeneral.v
1625	src/stdlib/SharkovskiiCircle.v
1626	src/stdlib/SharkovskiiComposition.v
1627	src/stdlib/SharkovskiiConcrete.v
1628	src/stdlib/SharkovskiiContinuous.v
1629	src/stdlib/SharkovskiiCovering.v
1630	src/stdlib/SharkovskiiEntropy.v
1631	src/stdlib/SharkovskiiExtensionsSynthesis.v
1632	src/stdlib/SharkovskiiForcing.v
1633	src/stdlib/SharkovskiiGeneral.v
1634	src/stdlib/SharkovskiiGeneralSynthesis.v
1635	src/stdlib/SharkovskiiGolden.v
1636	src/stdlib/SharkovskiiHigherDim.v
1637	src/stdlib/SharkovskiiMarkov.v
1638	src/stdlib/SharkovskiiSynthesis.v
1639	src/stdlib/ShorFactor15.v
1640	src/stdlib/SimplicialHomology.v
1641	src/stdlib/SlaterBasis.v
1642	src/stdlib/SlaterConvergence.v
1643	src/stdlib/SlaterEigenvalue.v
1644	src/stdlib/SlaterHelium.v
1645	src/stdlib/SlaterKinetic.v
1646	src/stdlib/SlaterLithium.v
1647	src/stdlib/SlaterMatrix.v
1648	src/stdlib/SlaterNuclear.v
1649	src/stdlib/SlaterOverlap.v
1650	src/stdlib/SlaterSynthesis.v
1651	src/stdlib/SpectralFlow.v
1652	src/stdlib/SpectralFlowGround.v
1653	src/stdlib/SpectralFlowNewton.v
1654	src/stdlib/SpectralFlowPhiPi.v
1655	src/stdlib/SpectralFlowSynthesis.v
1656	src/stdlib/SpectralFlowTraces.v
1657	src/stdlib/SpectralGapBound.v
1658	src/stdlib/SpectralGraphSynthesis.v
1659	src/stdlib/SpectralSynthesis.v
1660	src/stdlib/spectroscopy/RydbergIsotopeShift.v
1661	src/stdlib/spectroscopy/SpectralSeriesRatios.v
1662	src/stdlib/SpectrumConstants.v
1663	src/stdlib/SpectrumReappearance.v
1664	src/stdlib/SpiralFibonacciConnection.v
1665	src/stdlib/SpiralGoldenRatio.v
1666	src/stdlib/SpiralProcess.v
1667	src/stdlib/SpiralSynthesis.v
1668	src/stdlib/Sqrt3Pell.v
1669	src/stdlib/SSHModel.v
1670	src/stdlib/StandardModelCount.v
1671	src/stdlib/Statistics.v
1672	src/stdlib/StdlibExamples.v
1673	src/stdlib/SternBrocot.v
1674	src/stdlib/StrictlyFiner.v
1675	src/stdlib/SU3Attempt.v
1676	src/stdlib/SU3Synthesis.v
1677	src/stdlib/SumTwoSquares.v
1678	src/stdlib/SuperdenseCoding.v
1679	src/stdlib/SymbolicDynamics.v
1680	src/stdlib/SymbolicSynthesis.v
1681	src/stdlib/SymmetryReduction.v
1682	src/stdlib/SymmetryReductionSynthesis.v
1683	src/stdlib/T2_BifurcationTheory.v
1684	src/stdlib/T2_PhaseDiagram.v
1685	src/stdlib/T2_RGDynamics.v
1686	src/stdlib/TComplex.v
1687	src/stdlib/Tensor.v
1688	src/stdlib/TextAnalysis.v
1689	src/stdlib/TheoremBundle.v
1690	src/stdlib/ThermodynamicComparison.v
1691	src/stdlib/ThermodynamicSynthesis.v
1692	src/stdlib/THigherOrder.v
1693	src/stdlib/TimeSeries.v
1694	src/stdlib/TInt.v
1695	src/stdlib/TMap.v
1696	src/stdlib/TopologicalDistinction.v
1697	src/stdlib/TopologicalEntropy.v
1698	src/stdlib/TopologicalProcessRefinement.v
1699	src/stdlib/Topology.v
1700	src/stdlib/topology/BerryPhaseT.v
1701	src/stdlib/topology/ChernNumberT.v
1702	src/stdlib/topology/EdgeStatesT.v
1703	src/stdlib/topology/HallConductanceT.v
1704	src/stdlib/topology/SSHModelT.v
1705	src/stdlib/topology/TopologySynthesisT.v
1706	src/stdlib/TopologySynthesis.v
1707	src/stdlib/TopologySynthesis2.v
1708	src/stdlib/TopologyUnification.v
1709	src/stdlib/TopoPhaseSynthesis.v
1710	src/stdlib/TOption.v
1711	src/stdlib/TQueue.v
1712	src/stdlib/trading/AlphaClassification.v
1713	src/stdlib/trading/AlphaFiniteSize.v
1714	src/stdlib/trading/AlphaSynthesis.v
1715	src/stdlib/trading/CauchyCriterion.v
1716	src/stdlib/trading/ControlStability.v
1717	src/stdlib/trading/ConvexRisk.v
1718	src/stdlib/trading/CorrMatrix.v
1719	src/stdlib/trading/EigenvalueProcess.v
1720	src/stdlib/trading/EntropyMarket.v
1721	src/stdlib/trading/FiniteSizePortfolio.v
1722	src/stdlib/trading/FundingMeanReversion.v
1723	src/stdlib/trading/GameTheoryTrading.v
1724	src/stdlib/trading/InterferenceSignals.v
1725	src/stdlib/trading/IsingMarketMap.v
1726	src/stdlib/trading/IsingMarketSynthesis.v
1727	src/stdlib/trading/KellyOptimal.v
1728	src/stdlib/trading/MarchenkoPasturFilter.v
1729	src/stdlib/trading/MarketHeisenberg.v
1730	src/stdlib/trading/MarketPartitionFunction.v
1731	src/stdlib/trading/MarketUncertainty.v
1732	src/stdlib/trading/MarketUncertaintySynthesis.v
1733	src/stdlib/trading/OrderBookAutomata.v
1734	src/stdlib/trading/OrderBookModel.v
1735	src/stdlib/trading/PhaseDetector.v
1736	src/stdlib/trading/PriceDynamicsODE.v
1737	src/stdlib/trading/SpectralFlowMarket.v
1738	src/stdlib/trading/TimeSeriesQ.v
1739	src/stdlib/trading/TokenGraph.v
1740	src/stdlib/trading/TransferMatrixPrice.v
1741	src/stdlib/trading/VolatilitySpectral.v
1742	src/stdlib/trading/ZeroGateTrading.v
1743	src/stdlib/TransferAlgebra.v
1744	src/stdlib/TransferAsOperator.v
1745	src/stdlib/TransitionConcrete.v
1746	src/stdlib/TransitionFamily.v
1747	src/stdlib/TransitionPhases.v
1748	src/stdlib/TransitionSynthesis.v
1749	src/stdlib/TSearch.v
1750	src/stdlib/TSet.v
1751	src/stdlib/TSort.v
1752	src/stdlib/TStream.v
1753	src/stdlib/TTree.v
1754	src/stdlib/TwoLoopMW.v
1755	src/stdlib/TwoLoopSynthesis.v
1756	src/stdlib/TwoLoopWeinberg.v
1757	src/stdlib/TwoParameterScreening.v
1758	src/stdlib/TwoParameterSynthesis.v
1759	src/stdlib/UncertaintyBounds.v
1760	src/stdlib/UncertaintySynthesis.v
1761	src/stdlib/UncertaintyTable.v
1762	src/stdlib/VariationalFit.v
1763	src/stdlib/VariationalProcess.v
1764	src/stdlib/VariationalSynthesis.v
1765	src/stdlib/VectorSpace.v
1766	src/stdlib/VerificationTable.v
1767	src/stdlib/WalshHadamardN.v
1768	src/stdlib/WalshOrthogonality.v
1769	src/stdlib/WalshQuantum.v
1770	src/stdlib/WassersteinConvergence.v
1771	src/stdlib/WassersteinProcess.v
1772	src/stdlib/WassersteinRefinement.v
1773	src/stdlib/WeinbergAudit.v
1774	src/stdlib/WeinbergGapClosing.v
1775	src/stdlib/Z2Invariant.v
1776	src/stdlib/Zeckendorf.v
1777	src/stdlib/ZetaLeibnizUnification.v
1778	src/stdlib/ZetaPeriodicOrbits.v
1779	src/stdlib/ZetaSynthesis.v
1780	src/SubjectReduction.v
1781	src/Subtyping.v
1782	src/synthesis/DeeperPhysicsSynthesis.v
1783	src/synthesis/PhysicsInformationSynthesis.v
1784	src/SystemCategory.v
1785	src/SystemMorphism.v
1786	src/TaylorSeries.v
1787	src/TernaryRepresentation_ERR.v
1788	src/TestNode.v
1789	src/TheoryOfSystems_Core_ERR.v
1790	src/thermal/SecondLaw.v
1791	src/thermal/ThermalFromModes.v
1792	src/thermal/ThermalSynthesis.v
1793	src/ToS_Axioms.v
1794	src/ToS_Lang_Extraction.v
1795	src/TypeChecker.v
1796	src/TypeSafety.v
1797	src/Typing_Expr.v
1798	src/UniformConvergence.v
1799	src/UniversePolymorphism.v
1800	src/zeta/ApproximateZeros.v
1801	src/zeta/ArithmeticCommutator.v
1802	src/zeta/ArithmeticHeisenbergSynthesis.v
1803	src/zeta/ComplexZeta.v
1804	src/zeta/ContractionZeros.v
1805	src/zeta/DivisibilityGraph.v
1806	src/zeta/EulerExtension.v
1807	src/zeta/EulerProduct.v
1808	src/zeta/ExplicitFormula.v
1809	src/zeta/FunctionalEquation.v
1810	src/zeta/LeeYangAnalogy.v
1811	src/zeta/LiCoefficients.v
1812	src/zeta/LiProcess.v
1813	src/zeta/LogZeta.v
1814	src/zeta/MobiusSpin.v
1815	src/zeta/PartialSumZeros.v
1816	src/zeta/PrimeCountingCritical.v
1817	src/zeta/PrimeSumBounds.v
1818	src/zeta/RH_FinalAssessment.v
1819	src/zeta/RH_Phase1_Synthesis.v
1820	src/zeta/RH_Phase2_Synthesis.v
1821	src/zeta/RH_Statement.v
1822	src/zeta/TrigInequality.v
1823	src/zeta/WeilPositivity.v
1824	src/zeta/ZeroCountingProcess.v
1825	src/zeta/ZeroFreeRegion.v
1826	src/zeta/ZeroMigration.v
1827	src/zeta/ZeroStructure.v
1828	src/zeta/ZetaProcess.v
1829	src/zeta/ZetaZeros.v
1830	src/Log2FunctionalEq.v
1831	src/Log2Process.v
1832	src/CauchyProduct.v
1833	src/ExpFunctionalEquation.v
1834	src/ProcessExp.v
1835	src/FormalPowerSeries.v
1836	src/FPSEval.v
1837	src/LnMulReduction.v
1838	src/PolyTimesGeom.v
1839	src/Tannery.v
1840	src/LnMulComposition.v
1841	src/foundation/GapPythagoreanBoundary.v
1842	src/foundation/CayleyFourierMassBridge.v
1843	src/foundation/ThreeFifthsUnification.v
1844	src/foundation/PhysicsEigenvalueVeinA.v
1845	src/foundation/CayleyGeometrySpectralBridge.v
1846	src/foundation/DoublyStochasticForkBridge.v
1847	src/foundation/NormFormTowerBridge.v
1848	src/foundation/EulerCharProtectedInteger.v
1849	src/foundation/FixedPointTaxonomy.v
1850	src/foundation/LambdaLevelInversionError.v
1851	src/foundation/LambdaRunningVacuumBound.v
1852	src/foundation/LambdaSmallnessExponent.v
1853	src/foundation/LambdaStageBridge.v
1854	src/foundation/ObserverSystemTime.v
1855	src/foundation/PolarizableVacuumIndex.v
1856	src/foundation/RoleLimitLadder.v
1857	src/foundation/ZFCAxiomLedger.v
1858	src/cs/BoundaryDichotomy.v
1859	src/cs/ReflectionLadder.v
1860	src/foundation/ShellCapacityCounting.v
1861	src/foundation/AnomalyLatticeDial.v
1862	src/Andre_reflection.v
1863	src/CantorHeineQ.v
1864	src/Catalan.v
1865	src/Catalan_recurrence.v
1866	src/Motzkin.v
1867	src/QIntervalNotCompact.v
1868	src/RealFieldApart.v
1869	src/Sqrt2Approx.v
1870	src/algebra/QuinticUnsolvable.v
1871	src/cs/RamseyBoundary.v
1872	src/foundation/ArrowSignFromOrigin.v
1873	src/foundation/ArrowSignReservoir.v
1874	src/foundation/DeterminacyAscent.v
1875	src/foundation/EnergyAsActualizationRate.v
1876	src/foundation/EntropyCountDefinitional.v
1877	src/foundation/EntropyMagnitudeLandauer.v
1878	src/foundation/EquipartitionFromL4.v
1879	src/foundation/FiniteGameDeterminacy.v
1880	src/foundation/FiniteWqoPigeonhole.v
1881	src/foundation/FormerWallsLedger.v
1882	src/foundation/GravityArrowEntropy.v
1883	src/foundation/GravityIsTimeGradient.v
1884	src/foundation/HierarchyDepthLadder.v
1885	src/foundation/LandauerFromP4.v
1886	src/foundation/PowersetRoleType.v
1887	src/foundation/ProcessHierarchyCore.v
1888	src/foundation/ProcessHierarchySynthesis.v
1889	src/foundation/RecordingFromP4.v
1890	src/foundation/RecordingIsBedrock.v
1891	src/foundation/RecordingVsDeterminacy.v
1892	src/foundation/RoleToSUNGrounding.v
1893	src/foundation/WqoProcessDecidable.v
1894	src/information/ChannelCapacity.v
1895	src/nonstandard/BoundaryIsInvertibility.v
1896	src/nonstandard/DerivativeViaInfinitesimal.v
1897	src/nonstandard/FinitizationBoundaryGeneratingStructure.v
1898	src/nonstandard/GermInfinitesimal.v
1899	src/nonstandard/HyperfiniteSum.v
1900	src/nonstandard/IllusoryConstructions.v
1901	src/nonstandard/NonstandardOverProcessesSynthesis.v
1902	src/nonstandard/RoleLimitIsP1Shadow.v
1903	src/nonstandard/SeedDiagonalBridge.v
1904	src/nonstandard/SeedMeasureBridge.v
1905	src/nonstandard/StandardPart.v
1906	src/nonstandard/UltrafilterRoleLimit.v
1907	src/nonstandard/UndecidedHierarchy.v
1908	src/nonstandard/UnitZeroDivisorBoundary.v
1909	src/stdlib/ChebyshevLLN.v
1910	src/stdlib/CombinatoricsExt.v
1911	src/stdlib/InclusionExclusionFib.v
1912	src/stdlib/ShannonSynthesis.v
