Категория	Код	Название	Описание	Вопрос домена	Принцип
1	1.A	Ошибки постановки вопроса	Нечестные вопросы, искажающие условия рассуждения до его начала	—	Честный вопрос направлен на истину и понимание
1	1.A.1	Loaded question	Скрытое допущение встроено в вопрос		
1	1.A.2	Leading question	Вопрос подсказывает желаемый ответ		
1	1.A.3	Complex question	Несколько вопросов слиты в один		
1	1.A.4	False dilemma question	Вопрос искусственно ограничивает варианты		
1	1.A.5	Question-begging question	Ответ уже содержится в вопросе		
1	1.A.6	Loaded definition question	Определение в вопросе предрешает ответ		
1	1.B	Подмены рассуждения (манипуляции)	Вместо аргумента предъявляется воздействие. Мимикрия под рассуждение.	—	Рассуждение подменяется давлением или обманом
1	1.B.1	Appeal to force (ad baculum)	Угроза или сила вместо аргумента		
1	1.B.2	Appeal to pity (ad misericordiam)	Жалость вместо аргумента		
1	1.B.3	Appeal to emotion	Эмоция вместо аргумента		
1	1.B.4	Appeal to flattery	Лесть вместо аргумента		
1	1.B.5	Appeal to ridicule	Высмеивание вместо аргумента		
1	1.B.6	Poisoning the well	Предварительная дискредитация источника		
1	1.B.7	Alphabet Soup / Жаргонная завеса	Злоупотребление жаргоном для создания ложного этоса или запутывания		
1	1.B.8	Alternative Truth / Дезинформация	Отрицание различия между фактом и вымыслом как такового		
1	1.B.9	Appeal to Heaven / Непроверяемый авторитет	Ссылка на волю Бога/Судьбы, исключающая проверку и возражения		
1	1.B.10	Appeasement / Давление вместо аргумента	Уступка требованиям из-за давления, а не обоснованности		
1	1.B.11	Argumentum ad Mysteriam / Мистагогия	Ритуальное/мистическое воздействие вместо аргумента		
1	1.B.12	Big Brain/Little Brain / Делегирование	Отказ от рассуждения через передачу ответственности лидеру		
1	1.B.13	Bribery / Подкуп	Материальный стимул вместо аргумента		
2	2.1	Домен 1 — Распознавание	Искажение того, что воспринимается как объект рассуждения	Что здесь есть?	Принцип Присутствия
2	2.1.1	Деформация объекта (A→A')	Объект искажён, но формально тот же		
2	2.1.2	Замена объекта (A→B)	Вместо объекта — другой объект		
2	2.1.3	Фильтрация данных	Отбор данных под результат или по доступности		
2	2.1.4	Проекция	Видим своё ожидание вместо реальности		
2	2.2	Домен 2 — Прояснение	Недостаточная ясность понятий и терминов	Что это значит?	Принцип Корня
2	2.2.1	Дрейф значения	Термин меняет смысл в ходе рассуждения		
2	2.2.2	Открытая неясность	Значение не определено с самого начала		
2	2.2.3	Неполнота анализа	Пространство возможностей не исследовано		
2	2.2.4	Скрытая предрешённость	Вывод спрятан в определении		
2	2.3	Домен 3 — Выбор рамки	Несоответствие рамки оценки предмету исследования	По какому основанию?	Принцип Объективности
2	2.3.1	Категориальное несоответствие	Рамка применяется к явлению иной категории		
2	2.3.2	Поверхностный перенос	Рамка переносится по внешнему сходству		
2	2.3.3	Смешение факта и нормы	Переход от «есть» к «должно»		
2	2.3.4	Смешение нормы и факта	Переход от «должно» к «есть»		
2	2.3.5	Нерелевантный критерий	Характеристика не связана с истинностью		
2	2.3.6	Рамка под результат	Выбор определён желаемым выводом		
2	2.4	Домен 4 — Сравнение	Дефектное применение рамки к материалу	Как соотносится?	Узловой домен: все четыре закона разом
2	2.4.1	Ложное уравнивание	Существенные различия игнорируются		
2	2.4.2	Несопоставимость	Нет общего основания для сравнения		
2	2.4.3	Нестабильность критериев	Критерии сдвигаются в процессе		
2	2.4.4	Неполнота сравнения	Релевантные атрибуты упущены		
2	2.4.5	Сравнение с несуществующим	Реальное сравнивается с идеалом		
2	2.5	Домен 5 — Вывод	Вывод превышает своё основание	Что следует?	Принцип Рационализма
2	2.5.1	Формальная ошибка структуры	Нарушена логическая форма вывода		
2	2.5.2	Причинная ошибка	Причинность без механизма или основания		
2	2.5.3	Цепочечная ошибка	Звенья цепи не обоснованы		
2	2.5.4	Масштабная ошибка	Вывод шире, чем позволяют данные		
2	2.6	Домен 6 — Рефлексия	Отказ от признания границ вывода	Каковы границы?	Принцип Ограничения
2	2.6.1	Иллюзия завершённости	Вывод принят за окончательную истину		
2	2.6.2	Искажение самооценки	Неспособность оценить свою компетентность		
2	2.6.3	Влияние прошлых инвестиций	Невозвратные затраты искажают оценку		
2	2.6.4	Иммунизация от проверки	Вывод защищён от любого опровержения		
3	3	Нарушения последовательности	Нарушения Закона Порядка — последовательности доменов	—	Закон Порядка
3	3.1	Преждевременный переход	Домен не завершён, но следующий начат		
3	3.2	Обратное движение	Рассуждение идёт от вывода к посылкам		
3	3.3	Инверсия бремени	Роли в доказательстве перевёрнуты: бремя обоснования переложено с утверждающего на оппонента		
3	3.4	Смешение	Операции разных доменов одновременно		
3	3.5	Подмена объекта в процессе	A в начале ≠ A в конце рассуждения		
4	4	Синдромы	Паттерны, проявляющиеся в нескольких доменах по общей причине	—	Множественная локализация
4	4.1	Confirmation bias	Проявляется в Д1, Д3, Д4		Желание определённого результата
4	4.2	Motivated reasoning	Проявляется в Д1-Д5		Эмоциональная инвестиция в вывод
4	4.3	Groupthink	Проявляется в Д1, Д3, Д6		Социальное давление
4	4.4	Anchoring	Проявляется в Д4, Д5		Когнитивная инерция
					
					
					
					
					
					
					
					
					
					
					
					
					
					
					
					
					
					
					
					
					
					
					
					
					
					
					
					
					
					
					
					
					
					
					
					
					
					
					
					
					
					
					
					
					
					
					
					
					
					
					
					
					
					
					
					
					
					
					
					
					
					
					
					
					
					
					
					
					
					
					
					
					
					
					
					
					
					
					
					
					
					
					
					
					
					
					
					
					
					
					
					
					
					
					
					
					
					
					
					
					
					
					
					
					
					
					
					
					
					
					
					
					
					
					
					
					
					
					
					
					
					
					
					
					
					
					
					
					
					
					
					
					
					
					
					
					
					
					
					
					
					
					
					
					
					
					
					
					
					
					
					
					
					
					
					
					
					
					
					
					
					
					
					
					
					
					
					
					
					
					
					
					
					
					
					
					
					
					
					
					
					
					
					
					
					
					
					
					
					
					
					
					
					
					
					
					
					
					
					
					
					
					
					
					
					
					
					
					
					
					
					
					
					
					
					
					
					
					
					
					
					
					
					
					
					
					
					
					
					
					
					
					
					
					
					
					
					
					
					
					
					
					
					
					
					
					
					
					
					
					
					
					
					
					
					
					
					
					
					
					
					
					
					
					
					
					
					
					
					
					
					
					
					
					
					
					
					
					
					
					
					
					
					
					
					
					
					
					
					
					
					
					
					
					
					
					
					
					
					
					
					
					
					
					
					
					
					
					
					
					
					
					
					
					
					
					
					
					
					
					
					
					
					
					
					
					
					
					
					
					
					
					
					
					
					
					
					
					
					
					
					
					
					
					
					
					
					
					
					
					
					
					
					
					
					
					
					
					
					
					
					
					
					
					
					
					
					
					
					
					
					
					
					
					
					
					
					
					
					
					
					
					
					
					
					
					
					
					
					
					
					
					
					
					
					
					
					
					
					
					
					
					
					
					
					
					
					
					
					
					
					
					
					
					
					
					
					
					
					
					
					
					
					
					
					
					
					
					
					
					
					
					
					
					
					
					
					
					
					
					
					
					
					
					
					
					
					
					
					
					
					
					
					
					
					
					
					
					
					
					
					
					
					
					
					
					
					
					
					
					
					
					
					
					
					
					
					
					
					
					
					
					
					
					
					
					
					
					
					
					
					
					
					
					
					
					
					
					
					
					
					
					
					
					
					
					
					
					
					
					
					
					
					
					
					
					
					
					
					
					
					
					
					
					
					
					
					
					
					
					
					
					
					
					
					
					
					
					
					
					
					
					
					
					
					
					
					
					
					
					
					
					
					
					
					
					
					
					
					
					
					
					
					
					
					
					
					
					
					
					
					
					
					
					
					
					
					
					
					
					
					
					
					
					
					
					
					
					
					
					
					
					
					
					
					
					
					
					
					
					
					
					
					
					
					
					
					
					
					
					
					
					
					
					
					
					
					
					
					
					
					
					
					
					
					
					
					
					
					
					
					
					
					
					
					
					
					
					
					
					
					
					
					
					
					
					
					
					
					
					
					
					
					
					
					
					
					
					
					
					
					
					
					
					
					
					
					
					
					
					
					
					
					
					
					
					
					
					
					
					
					
					
					
					
					
					
					
					
					
					
					
					
					
					
					
					
					
					
					
					
					
					
					
					
					
					
					
					
					
					
					
					
					
					
					
					
					
					
					
					
					
					
					
					
					
					
					
					
					
					
					
					
					
					
					
					
					
					
					
					
					
					
					
					
					
					
					
					
					
					
					
					
					
					
					
					
					
					
					
					
					
					
					
					
					
					
					
					
					
					
					
					
					
					
					
					
					
					
					
					
					
					
					
					
					
					
					
					
					
					
					
					
					
					
					
					
					
					
					
					
					
					
					
					
					
					
					
					
					
					
					
					
					
					
					
					
					
					
					
					
					
					
					
					
					
					
					
					
					
					
					
					
					
					
					
					
					
					
					
					
					
					
					
					
					
					
					
					
					
					
					
					
					
					
					
					
					
					
					
					
					
					
					
					
					
					
					
					
					
					
					
					
					
					
					
					
					
					
					
					
					
					
					
					
					
					
					
					
					
					
					
					
					
					
					
					
					
					
					
					
					
					
					
					
					
					
					
					
					
					
					
					
					
					
					
					
					
					
					
					
					
					
					
					
					
					
					
					
					
					
					
					
					
